datetime,A,D,F,q,w,e,r,c,v,b,z,a,s,d,f,b,v,d,center
2021-01-01,4,2021,1,1,6,1,154,19079,8933.485508,170441970,2715018,43634221539,3,1,-3,-9,2,0,127990427
2021-01-02,4,2021,1,1,7,0,156,18424,8674.05558,159810800,2851517,41089271014,0,1,-3,-7,1,0,149570374
2021-01-03,4,2021,1,2,1,0,157,15117,8087.980419,122266000,2568485,40990482121,0,0,-3,-8,1,0,18196074
2021-01-04,4,2021,1,2,2,0,155,17322,7833.764577,135696470,2841353,38111306642,3,2,-2,-8,4,0,113163098
2021-01-05,4,2021,1,2,3,0,155,17123,7768.274251,133016160,3598598,40143317541,2,1,-2,-7,2,0,160473368
2021-01-06,4,2021,1,2,4,0,155,16940,7756.457497,131394390,2980579,43221190940,1,3,-6,-11,-1,1,121136260
2021-01-07,4,2021,1,2,5,0,156,15916,7929.232219,126201660,2139564,40563213318,2,2,-11,-15,-4,1,110572623
2021-01-08,4,2021,1,2,6,0,156,16927,8469.792639,143368180,2695880,43235141385,0,3,-12,-17,-7,0,123214719
2021-01-09,4,2021,1,2,7,0,157,16988,8681.460443,147480650,2692182,41053687895,0,1,-10,-16,-5,0,119216571
2021-01-10,4,2021,1,3,1,0,158,15374,8329.214908,128053350,2476617,40980485402,0,0,-7,-14,-1,0,15011714
2021-01-11,4,2021,1,3,2,0,157,16650,7835.0997,130454410,2529595,37783528175,0,1,-6,-10,-1,0,104961828
2021-01-12,4,2021,1,3,3,0,156,17369,8041.719731,139676630,2644760,40099840971,0,1,-3,-10,3,0,137894162
2021-01-13,4,2021,1,3,4,0,156,17881,7829.448017,139998360,2339012,41885343779,2,3,3,-4,10,0,107262390
2021-01-14,4,2021,1,3,5,0,156,18066,7688.491642,138900290,3262414,40253327753,0,3,3,-3,10,0,108023975
2021-01-15,4,2021,1,3,6,0,157,19378,8375.17236,162294090,2435735,42360921909,4,2,6,-2,13,0,108433764
2021-01-16,4,2021,1,3,7,0,158,19525,8636.20128,168621830,2920438,40028470838,0,1,-1,-5,5,0,144836460
2021-01-17,4,2021,1,4,1,0,157,16218,8199.723147,132983110,2453191,39952670316,1,1,-4,-8,0,0,16630166
2021-01-18,4,2021,1,4,2,0,157,16274,7971.114661,129721920,2491060,36613790236,0,1,-2,-7,3,2,113928169
2021-01-19,4,2021,1,4,3,0,155,16883,7957.360066,134344110,2177163,39441046005,0,1,-5,-11,1,0,159986418
2021-01-20,4,2021,1,4,4,0,157,17635,7799.489651,137544000,2341029,41769389616,0,1,-1,-9,8,0,118678320
2021-01-21,4,2021,1,4,5,0,157,17727,8553.205844,151622680,2395228,39692098135,0,0,5,-2,10,4,108145402
2021-01-22,4,2021,1,4,6,0,156,19150,8370.661097,160298160,2452862,42623244616,1,3,7,5,10,1,116206664
2021-01-23,4,2021,1,4,7,0,156,19602,8922.025304,174889540,2214817,40804401773,0,0,7,5,11,2,126543180
2021-01-24,4,2021,1,5,1,0,157,18175,8084.634938,146938240,2422076,40699623812,0,1,6,2,12,0,16333934
2021-01-25,4,2021,1,5,2,0,156,18783,7802.792951,146559860,2361396,37766811699,4,4,6,1,13,0,106279651
2021-01-26,4,2021,1,5,3,0,157,17681,7912.934789,139908600,2687168,41683050662,0,4,5,2,7,6,161738515
2021-01-27,4,2021,1,5,4,0,158,18655,7700.45457,143651980,2448751,45776463593,1,7,3,-1,9,0,122246605
2021-01-28,4,2021,1,5,5,0,156,16879,8075.522247,136306740,1980879,43200139141,3,6,-1,-6,6,1,121788812
2021-01-29,4,2021,1,5,6,0,157,18372,8395.5258,154242600,2379626,46565523527,8,2,-6,-9,-1,0,186957162
2021-01-30,4,2021,1,5,7,0,157,20035,8835.639631,177022040,2437815,46986954396,1,11,-1,-8,7,0,137175368
2021-01-31,4,2021,1,6,1,0,158,17757,7974.469787,141602660,2230136,44842426264,6,14,3,-5,11,1,15752928
2021-02-01,4,2021,2,6,2,0,156,17899,7828.892117,140129340,2390988,44746292674,2,0,7,2,11,9,119178751
2021-02-02,4,2021,2,6,3,0,155,17251,8051.966843,138904480,2233083,46591194369,3,2,-2,-5,4,0,172076570
2021-02-03,4,2021,2,6,4,0,156,17656,7827.750906,138206770,2626422,48779336972,0,1,-2,-8,3,1,126050217
2021-02-04,4,2021,2,6,5,0,156,17486,7867.766785,137575770,2193597,46602118608,1,1,0,-5,4,1,124781306
2021-02-05,4,2021,2,6,6,0,156,19357,8302.490055,160711300,2343343,49169536430,2,0,1,-6,7,0,122929995
2021-02-06,4,2021,2,6,7,0,157,21582,8443.487165,182227340,2109468,47297413452,0,0,5,-1,11,0,152711485
2021-02-07,4,2021,2,7,1,0,157,17880,8016.610179,143336990,2352985,47013858784,0,0,6,0,11,0,16999603
2021-02-08,4,2021,2,7,2,0,156,17550,8077.164103,141754230,2624567,44826531195,1,5,-1,-4,3,0,119879914
2021-02-09,4,2021,2,7,3,0,155,17580,7817.865757,137438080,2978395,51511061761,1,0,0,-6,6,0,211156285
2021-02-10,4,2021,2,7,4,0,157,19199,8456.166467,162349940,3223248,57130556753,2,1,2,-4,9,0,175770524
2021-02-11,4,2021,2,7,5,1,154,20638,8627.437736,178053060,2705894,53708756888,0,0,4,-2,11,0,179026560
2021-02-12,4,2021,2,7,6,1,149,23331,9141.323132,213276210,2456368,53622958863,0,0,6,0,15,0,15728050
2021-02-13,4,2021,2,7,7,1,153,23428,8559.77719,200538460,2459107,49679166628,0,0,6,-2,17,0,127619953
2021-02-14,4,2021,2,8,1,0,156,20083,8003.602051,160736340,2280622,49366642806,0,0,8,2,14,2,18202960
2021-02-15,4,2021,2,8,2,0,156,17886,7547.776473,134999530,2517470,46652180220,2,0,3,-2,9,1,142637395
2021-02-16,4,2021,2,8,3,0,156,17726,7499.820038,132941810,3393470,49210801850,1,1,-2,-6,3,1,163996947
2021-02-17,4,2021,2,8,4,0,155,17310,7554.164067,130762580,3172243,52087299676,1,2,-6,-8,-3,1,123466252
2021-02-18,4,2021,2,8,5,0,156,18173,7656.243878,139136920,2229993,49651005855,1,0,-5,-9,0,0,125847032
2021-02-19,4,2021,2,8,6,0,156,20608,8107.516013,167079690,2597649,48902202153,2,3,2,-7,10,0,109696044
2021-02-20,4,2021,2,8,7,0,157,23717,8165.797951,193668230,2470069,45979120292,0,2,9,3,16,0,135412039
2021-02-21,4,2021,2,9,1,0,156,21095,7714.393932,162735140,1980261,45973544778,1,1,12,3,21,0,17212821
2021-02-22,4,2021,2,9,2,0,157,20559,7555.538207,155334310,2242660,43047077660,2,7,10,3,18,0,107216564
2021-02-23,4,2021,2,9,3,0,156,19520,7699.199795,150288380,2546194,45805110790,0,0,3,-2,8,0,171087398
2021-02-24,4,2021,2,9,4,0,155,20260,7364.786278,149210570,2325630,51624641978,1,6,3,-2,10,0,134147760
2021-02-25,4,2021,2,9,5,0,154,19824,7563.335856,149935570,2202798,49193296580,5,8,4,-1,8,3,112993897
2021-02-26,4,2021,2,9,6,0,156,22212,8001.762111,177735140,2508408,53159249685,0,14,7,2,13,1,177869336
2021-02-27,4,2021,2,9,7,0,156,24576,8607.204997,211530670,2345411,52096149317,1,7,7,3,11,0,173237789
2021-02-28,4,2021,2,10,1,0,157,26614,8489.283084,225933780,2306749,52062463077,5,18,7,1,12,0,17843087
2021-03-01,1,2021,3,10,2,1,154,16804,9139.932754,153587430,2479395,47595423917,3,0,8,3,13,50,116960905
2021-03-02,1,2021,3,10,3,0,154,19627,7349.35548,144245800,2421583,50305146740,3,1,2,-1,6,3,205407240
2021-03-03,1,2021,3,10,4,0,153,19781,7156.052272,141553870,2187186,50441342514,0,0,3,-3,9,0,128156908
2021-03-04,1,2021,3,10,5,0,154,19987,7223.099014,144368080,2312712,48108308227,1,1,6,1,10,4,133126202
2021-03-05,1,2021,3,10,6,0,156,22063,7430.256085,163933740,3221285,49744606373,1,1,9,2,17,0,130261761
2021-03-06,1,2021,3,10,7,0,155,19937,8342.29523,166320340,2355944,47536669164,0,1,6,3,11,0,159781741
2021-03-07,1,2021,3,11,1,0,156,19137,7486.543345,143269980,2344769,47509669234,0,0,6,2,10,0,21574217
2021-03-08,1,2021,3,11,2,0,156,20465,7001.047154,143276430,2356630,44087304775,2,2,6,0,13,0,133507117
2021-03-09,1,2021,3,11,3,0,157,21041,7106.283922,149523320,2655669,46220838277,4,4,7,2,14,0,166121765
2021-03-10,1,2021,3,11,4,0,157,21279,7126.01814,151634540,2729450,47978571888,0,1,8,1,16,0,120631880
2021-03-11,1,2021,3,11,5,0,158,21502,7016.852386,150876360,2414238,45563216970,0,2,9,1,17,1,128905462
2021-03-12,1,2021,3,11,6,0,157,20671,7641.591602,157959340,2469430,47770832216,0,3,8,6,11,13,121005216
2021-03-13,1,2021,3,11,7,0,158,23975,8030.835871,192539290,2331968,45850153224,0,0,8,3,15,0,135748619
2021-03-14,1,2021,3,12,1,0,158,21785,7698.386045,167709340,2498774,45764586867,0,1,8,3,15,0,16270809
2021-03-15,1,2021,3,12,2,0,158,21428,7031.115363,150662740,2494399,41795529342,1,11,11,2,17,0,110486871
2021-03-16,1,2021,3,12,3,0,157,21618,6990.418633,151118870,2364187,44580640886,2,0,11,5,17,2,172224580
2021-03-17,1,2021,3,12,4,0,157,22295,6748.936981,150467550,2922875,46543955420,3,1,8,1,17,0,128600107
2021-03-18,1,2021,3,12,5,0,158,21821,6963.893955,151959130,2281566,44081485171,0,2,10,3,17,0,127760696
2021-03-19,1,2021,3,12,6,0,158,22976,7354.273155,168971780,2270296,47063994541,3,1,12,7,17,0,137508390
2021-03-20,1,2021,3,12,7,0,159,21823,8088.530908,176516010,2220838,45056957827,2,1,9,7,11,6,136572693
2021-03-21,1,2021,3,13,1,0,160,19492,7605.798276,148252220,2636969,44982494237,0,2,7,4,11,0,14441808
2021-03-22,1,2021,3,13,2,0,159,20860,6928.098754,144520140,2743563,41067839502,0,4,7,2,12,0,111305860
2021-03-23,1,2021,3,13,3,0,159,21685,7010.872493,152030770,2642138,44631430051,0,0,9,1,17,0,156905787
2021-03-24,1,2021,3,13,4,0,159,22547,6789.538298,153083720,2545444,48604907574,4,2,10,3,17,0,116069795
2021-03-25,1,2021,3,13,5,0,160,22838,6809.960592,155525880,2333948,46322482365,0,6,12,4,20,0,120695506
2021-03-26,1,2021,3,13,6,0,160,24172,7444.024077,179936950,2500346,50345563680,1,4,13,4,21,0,131584398
2021-03-27,1,2021,3,13,7,0,161,22113,8249.75987,182426940,2474955,46612893376,1,4,12,7,16,27,182040471
2021-03-28,1,2021,3,14,1,0,161,20233,7590.69787,153582590,2434679,46565459016,0,2,12,9,16,5,16136481
2021-03-29,1,2021,3,14,2,0,161,21712,6883.507738,149454720,2604135,44041151934,1,5,12,8,17,0,157055888
2021-03-30,1,2021,3,14,3,0,161,22680,6769.886243,153541020,2209625,48218104903,0,6,12,5,19,0,174996000
2021-03-31,1,2021,3,14,4,0,162,23562,6911.185383,162841350,2594603,52505086210,13,21,12,3,22,0,125622448
2021-04-01,1,2021,4,14,5,0,158,23423,6794.977159,159158750,2351399,49497543094,6,1,14,7,20,0,128756531
2021-04-02,1,2021,4,14,6,0,161,25478,7426.267368,189206440,2307788,49654456533,0,1,16,11,21,0,142131360
2021-04-03,1,2021,4,14,7,0,162,20890,8786.191,183543530,2596319,47243759467,0,3,14,12,17,32,176395302
2021-04-04,1,2021,4,15,1,0,161,20281,7651.21493,155174290,3365541,47140533489,0,0,10,7,14,9,21258185
2021-04-05,1,2021,4,15,2,0,162,22442,7176.617503,161057650,2541690,43652997038,0,5,10,3,17,0,127246487
2021-04-06,1,2021,4,15,3,0,162,23343,7035.037484,164218880,2648949,48386981160,2,1,12,4,19,0,171056857
2021-04-07,1,2021,4,15,4,0,162,23123,7035.894996,162691000,2825058,49272945366,1,1,13,6,21,0,150814263
2021-04-08,1,2021,4,15,5,0,162,22872,6797.794246,155479150,2505176,46585090538,0,3,12,6,19,0,129965733
2021-04-09,1,2021,4,15,6,0,162,24743,7494.254537,185430340,2513295,49808100939,0,1,10,4,17,1,137749444
2021-04-10,1,2021,4,15,7,0,162,27991,7946.079454,222418710,2310161,47239219222,0,2,11,4,18,0,140832513
2021-04-11,1,2021,4,16,1,0,162,25088,7423.902264,186250860,2382646,47169186400,0,2,13,4,21,0,18088654
2021-04-12,1,2021,4,16,2,0,162,20852,7121.773931,148503230,2365230,43188207694,1,4,13,10,16,21,128414975
2021-04-13,1,2021,4,16,3,0,162,22618,7026.565125,158926850,2535275,46645390074,4,2,12,6,17,3,203284369
2021-04-14,1,2021,4,16,4,0,162,22996,7012.598713,161261720,2352100,49433197046,0,6,9,4,15,0,140219116
2021-04-15,1,2021,4,16,5,0,162,23523,6941.645623,163288330,2175865,47080623991,3,7,10,2,18,0,122585048
2021-04-16,1,2021,4,16,6,0,162,24613,7537.053793,185509505,27141025,49599393319,2,2,12,6,17,0,145135117
2021-04-17,1,2021,4,16,7,0,162,25660,8180.702065,209916815,2358186,46875625086,1,3,10,6,16,0,151185287
2021-04-18,1,2021,4,17,1,0,162,23911,7517.049475,179740170,2416046,46835578437,0,0,10,5,16,0,19665669
2021-04-19,1,2021,4,17,2,0,162,24236,6883.099934,166818810,2266751,42342972758,1,0,13,4,21,0,129606184
2021-04-20,1,2021,4,17,3,0,162,24947,6872.308895,171443490,2378821,44618919724,1,4,15,7,24,0,182725816
2021-04-21,1,2021,4,17,4,0,162,25511,6736.760221,171861490,3431983,47716382064,2,4,17,8,26,0,154784840
2021-04-22,1,2021,4,17,5,0,161,25064,6750.934408,169205420,2133234,45164392547,0,4,19,13,26,0,143343889
2021-04-23,1,2021,4,17,6,0,162,25438,7514.454753,191152700,2356691,48158619947,1,5,17,14,21,0,163197378
2021-04-24,1,2021,4,17,7,0,163,28825,7911.73686,228055815,2341363,45799562462,2,5,16,11,22,0,166765309
2021-04-25,1,2021,4,18,1,0,163,25302,7499.982215,189764550,2303816,45713783575,0,4,15,9,21,0,19269662
2021-04-26,1,2021,4,18,2,0,163,24345,6835.250359,166404170,2698331,41705531158,2,6,14,7,20,0,126312923
2021-04-27,1,2021,4,18,3,0,163,23842,6848.910326,163291720,2220566,47628498801,0,1,15,9,20,0,198526212
2021-04-28,1,2021,4,18,4,0,163,24379,6894.57771,168082910,2656979,50186731797,0,5,16,11,21,0,151875882
2021-04-29,1,2021,4,18,5,0,163,23381,7030.232668,164373870,2260536,46035893842,1,3,15,10,20,2,158085048
2021-04-30,1,2021,4,18,6,0,163,23666,7828.96645,185280320,2671447,48513476885,4,7,13,9,17,8,189608561
2021-05-01,1,2021,5,18,7,1,163,23210,8733.967255,202715380,2701488,45784187376,1,1,10,8,13,9,154773557
2021-05-02,1,2021,5,19,1,0,162,24388,7734.061424,188618290,2440117,45282037399,0,1,12,7,18,2,19163255
2021-05-03,1,2021,5,19,2,0,162,25361,7069.335988,179285430,2551052,42538769679,6,2,14,6,21,0,133271765
2021-05-04,1,2021,5,19,3,0,162,23477,7648.887848,179572940,2182355,50105080269,0,4,16,11,20,18,206509444
2021-05-05,1,2021,5,19,4,1,162,24273,7647.891814,185637278,2418343,47686442698,0,0,15,9,20,1,157216722
2021-05-06,1,2021,5,19,5,0,162,25951,6972.089708,180932700,2511224,48718773895,0,0,15,6,23,0,158042843
2021-05-07,1,2021,5,19,6,0,162,24255,7667.490208,185974975,2374183,50198548711,2,2,15,9,21,2,143570877
2021-05-08,1,2021,5,19,7,0,163,25760,8125.037849,209300975,2581365,47205710427,0,1,15,7,23,0,149243897
2021-05-09,1,2021,5,20,1,0,163,24839,7473.738476,185640190,2367156,47207023417,0,4,16,9,23,0,19006354
2021-05-10,1,2021,5,20,2,0,163,23766,7022.009173,166885070,2444939,47337003038,0,3,13,10,17,5,120162815
2021-05-11,1,2021,5,20,3,0,162,25051,6956.25484,174261140,2277521,46012260715,1,2,16,11,21,3,190326151
2021-05-12,1,2021,5,20,4,0,162,25240,6911.715135,174451690,3185369,47405899396,1,2,18,12,25,0,144313448
2021-05-13,1,2021,5,20,5,0,163,25750,6957.295146,179150350,2066898,44743071772,0,2,20,12,27,0,136781363
2021-05-14,1,2021,5,20,6,0,163,27687,7546.595731,208942596,2531789,47262632883,2,1,21,14,28,0,156858339
2021-05-15,1,2021,5,20,7,0,163,26427,8189.30378,216418731,2079854,44603840169,0,2,20,17,23,9,176114028
2021-05-16,1,2021,5,21,1,0,160,18015,8634.401166,155548737,2416493,44482610480,0,0,19,16,22,44,23055623
2021-05-17,1,2021,5,21,2,0,163,22449,7386.355205,165816288,2855666,42045613105,0,2,15,14,18,5,136016516
2021-05-18,1,2021,5,21,3,0,164,26569,7378.678987,196044122,2559895,49448065951,2,7,17,13,23,0,192830589
2021-05-19,1,2021,5,21,4,1,164,27287,7417.757174,202408340,2394527,46359536322,1,2,20,13,27,0,149222055
2021-05-20,1,2021,5,21,5,0,164,23615,7256.335168,171358355,2328465,45132325814,1,0,16,14,19,11,163942013
2021-05-21,1,2021,5,21,6,0,164,24638,7745.183051,190825820,2337685,48928865791,1,3,16,14,19,3,162918607
2021-05-22,1,2021,5,21,7,0,165,31082,7956.039026,247289605,2263918,46120372290,0,2,19,12,25,0,146672757
2021-05-23,1,2021,5,22,1,0,164,26865,7504.384701,201605295,2532322,45753793880,1,3,20,13,27,0,20331272
2021-05-24,1,2021,5,22,2,0,165,25326,7115.560886,180208695,2489721,42385452440,2,3,19,15,25,0,135032471
2021-05-25,1,2021,5,22,3,0,165,23234,7202.516571,167343270,2515995,44970996607,1,2,16,11,21,3,209512283
2021-05-26,1,2021,5,22,4,0,165,25229,7038.532641,177575140,2552869,51824961196,4,3,17,10,23,0,157521407
2021-05-27,1,2021,5,22,5,0,165,22315,7127.819404,159057290,2234746,47699890750,0,3,16,12,21,3,142102055
2021-05-28,1,2021,5,22,6,0,165,23599,7747.791432,182840130,2383225,48107729008,1,9,16,11,22,15,222823853
2021-05-29,1,2021,5,22,7,0,165,26763,8172.353062,218716685,2750617,46941626490,0,2,17,12,23,0,149568534
2021-05-30,1,2021,5,23,1,0,165,25346,7532.124201,190909220,2306236,48645137874,0,2,19,11,26,4,21336797
2021-05-31,1,2021,5,23,2,0,166,24223,6958.968749,168567100,2655055,45687398991,4,15,19,15,25,6,163529059
2021-06-01,2,2021,6,23,3,0,166,24365,7144.464601,174074880,2618939,47950857763,4,0,20,15,26,0,195930591
2021-06-02,2,2021,6,23,4,0,166,25765,7048.590724,181606940,2960117,50473846561,1,0,22,16,28,0,161467546
2021-06-03,2,2021,6,23,5,0,166,21879,7461.147219,163242440,2618435,47637933764,0,0,18,15,21,20,167780921
2021-06-04,2,2021,6,23,6,0,166,27603,7633.911169,210718850,2697137,50062591202,0,2,19,14,25,1,152942578
2021-06-05,2,2021,6,23,7,0,166,31767,8037.469386,255326290,2757530,46970091258,0,1,20,14,26,0,165264950
2021-06-06,2,2021,6,24,1,1,166,27447,7717.727621,211828470,2388155,46868549420,0,0,22,17,27,0,22543470
2021-06-07,2,2021,6,24,2,0,166,25958,7028.172818,182437310,2586118,42749046514,1,3,22,16,28,0,142013349
2021-06-08,2,2021,6,24,3,0,166,25625,6938.824976,177807390,2582142,46839621821,1,0,23,17,29,0,242784963
2021-06-09,2,2021,6,24,4,0,166,26523,7013.733363,186025250,2470706,49060484561,1,3,24,18,30,0,156827370
2021-06-10,2,2021,6,24,5,0,168,25601,7061.091364,180771000,2699497,46518064108,0,4,23,18,28,5,155280201
2021-06-11,2,2021,6,24,6,0,166,28007,7737.021459,216690760,2690806,49042229201,1,3,22,19,26,23,162260847
2021-06-12,2,2021,6,24,7,0,168,32523,7937.744673,258159270,2395259,45664185707,0,0,23,19,28,3,161592779
2021-06-13,2,2021,6,25,1,0,167,28581,7652.072321,218703879,2624760,45521218169,0,3,23,19,29,0,23321841
2021-06-14,2,2021,6,25,2,0,167,27158,7015.76773,190534220,3212670,41161906741,0,7,22,19,27,0,152507273
2021-06-15,2,2021,6,25,3,0,167,25803,6971.257799,179879365,3011075,43728311847,3,2,21,19,23,9,229697121
2021-06-16,2,2021,6,25,4,0,168,26038,7041.86343,183356040,2371942,46459954577,0,2,22,19,25,3,164005653
2021-06-17,2,2021,6,25,5,0,168,25759,7067.637719,182055280,2546414,43852755063,1,2,20,18,24,1,156825345
2021-06-18,2,2021,6,25,6,0,168,27790,7728.86344,214785115,2557583,47481726918,4,4,21,18,24,3,164720804
2021-06-19,2,2021,6,25,7,0,168,32605,8049.983438,262469710,2793848,44462104068,0,4,22,17,28,0,183098628
2021-06-20,2,2021,6,26,1,0,168,27431,7883.742481,216258940,2569598,44362222557,0,0,23,16,29,0,22789586
2021-06-21,2,2021,6,26,2,0,167,25748,7178.865543,184841430,2838058,40185370310,1,4,22,18,29,0,136557373
2021-06-22,2,2021,6,26,3,0,168,24089,7265.819254,175026320,2700460,43782501790,1,2,21,17,26,5,223974454
2021-06-23,2,2021,6,26,4,0,169,25585,7083.523158,181231940,2927112,47165618150,0,1,20,18,24,3,158336304
2021-06-24,2,2021,6,26,5,0,169,26737,7246.69559,193754900,2356484,45214732375,3,4,22,18,27,0,143782640
2021-06-25,2,2021,6,26,6,0,169,29369,7738.319316,227266700,2568192,48694261103,1,9,23,18,28,2,179402763
2021-06-26,2,2021,6,26,7,0,169,29817,8427.758997,251290490,2517416,46704906529,0,3,22,19,26,4,189985638
2021-06-27,2,2021,6,27,1,0,168,29655,7789.267577,230990730,2556171,46581375131,0,2,23,18,28,1,23756668
2021-06-28,2,2021,6,27,2,0,169,26945,7234.330302,194929030,2737782,43845270674,2,8,23,20,28,3,161990151
2021-06-29,2,2021,6,27,3,0,168,26773,7169.850596,191958410,2519656,49965654563,1,4,23,19,28,3,223177369
2021-06-30,2,2021,6,27,4,0,170,25612,7520.365844,192611610,3603537,52590281899,30,23,23,20,28,2,177587726
2021-07-01,2,2021,7,27,5,0,170,27198,7180.712736,195301025,2692681,49303180101,7,1,24,19,30,0,160925623
2021-07-02,2,2021,7,27,6,0,170,29705,7839.303383,232866507,3316006,51572189184,1,2,24,20,29,0,207482030
2021-07-03,2,2021,7,27,7,0,170,27110,8658.250092,234725160,2887626,49482369741,0,0,22,20,25,41,225189954
2021-07-04,2,2021,7,28,1,0,170,23013,8170.912528,188037210,2845325,49316063451,0,3,23,21,26,19,28552232
2021-07-05,2,2021,7,28,2,0,172,27433,7180.661976,196987100,2866204,45318952284,4,4,22,20,26,26,151223124
2021-07-06,2,2021,7,28,3,0,172,27344,7076.595963,193502440,2590294,48882944453,1,1,23,21,26,52,210876717
2021-07-07,2,2021,7,28,4,0,172,26545,7296.010171,193672590,2835700,51018793426,1,2,24,22,27,34,168809030
2021-07-08,2,2021,7,28,5,0,172,25157,7291.714235,183437655,2938674,48437591681,1,2,25,22,29,23,163946761
2021-07-09,2,2021,7,28,6,0,172,28083,7810.191931,219333620,2639006,51604536208,2,0,25,22,29,7,167045278
2021-07-10,2,2021,7,28,7,0,172,30205,8256.546267,249388980,2737806,48357335590,1,1,25,22,30,7,172473302
2021-07-11,2,2021,7,29,1,0,172,27528,8078.446672,222383480,2972053,48255775004,0,1,25,22,30,3,23170938
2021-07-12,2,2021,7,29,2,0,172,27876,7194.381906,200550590,2785264,44348348161,1,2,27,23,32,0,154745697
2021-07-13,2,2021,7,29,3,0,172,27375,7362.619178,201551700,2685110,47331341792,0,1,27,23,32,0,227837750
2021-07-14,2,2021,7,29,4,0,172,28106,7339.992528,206297830,2792616,49728460626,0,5,28,24,32,0,172094032
2021-07-15,2,2021,7,29,5,0,172,27228,7457.49596,203052700,3048045,47153390685,3,3,27,23,32,3,164395373
2021-07-16,2,2021,7,29,6,0,172,30368,7772.912276,236047800,2907544,49496123505,3,4,26,22,32,4,183746663
2021-07-17,2,2021,7,29,7,0,172,32119,8373.882749,268960740,2386135,46323751356,0,1,26,22,30,2,191378579
2021-07-18,2,2021,7,30,1,0,172,29361,8049.826811,236350965,2579719,46222038953,0,2,26,22,31,3,26479235
2021-07-19,2,2021,7,30,2,0,172,27801,7562.530844,210245920,2761763,42657637276,0,2,26,23,31,4,155131937
2021-07-20,2,2021,7,30,3,0,171,27158,7381.040025,200454285,2757284,45925747894,0,5,27,23,32,0,247434733
2021-07-21,2,2021,7,30,4,0,172,27200,7664.766544,208481650,2947618,48713990676,0,6,27,22,33,0,167948986
2021-07-22,2,2021,7,30,5,0,172,28017,7455.325338,208875850,2930738,46076905586,0,2,27,22,33,0,167453802
2021-07-23,2,2021,7,30,6,0,172,29392,8033.770754,236128590,2826202,48736229076,1,4,28,23,33,0,179113762
2021-07-24,2,2021,7,30,7,0,172,31653,8325.560294,263528960,2691429,45588337640,0,6,28,23,33,0,197554483
2021-07-25,2,2021,7,31,1,0,172,28519,8194.254357,233691940,2708943,45507059276,0,11,28,23,33,0,27582916
2021-07-26,2,2021,7,31,2,0,171,27807,7894.861905,219532425,2900191,41998473484,0,1,28,23,33,0,155136026
2021-07-27,2,2021,7,31,3,0,171,27382,7625.752319,208808350,3047381,46192540785,0,0,28,22,33,0,224951121
2021-07-28,2,2021,7,31,4,0,171,28298,7748.51986,219267615,2527380,50144407898,1,2,28,23,33,1,198752712
2021-07-29,2,2021,7,31,5,0,172,28497,7931.542619,226025170,2656037,48125357162,1,2,28,23,33,0,169473328
2021-07-30,2,2021,7,31,6,0,173,30359,8242.796205,250243050,2698971,51249794045,3,4,28,23,34,1,198942364
2021-07-31,2,2021,7,31,7,0,173,33172,8764.701857,290742690,2954426,47578729616,1,10,28,25,34,4,190511832
2021-08-01,2,2021,8,32,1,0,173,28811,8871.745514,255603860,2571904,47516239969,6,0,27,24,32,18,28969004
2021-08-02,2,2021,8,32,2,0,173,30980,8222.309555,254727150,2981139,44021480238,4,3,26,24,30,11,177646986
2021-08-03,2,2021,8,32,3,0,172,29985,8134.378456,243909338,2609079,47262065940,2,2,27,24,32,8,279014626
2021-08-04,2,2021,8,32,4,0,173,29936,7908.845537,236759200,2448875,50355427233,1,0,28,24,33,0,195902650
2021-08-05,2,2021,8,32,5,0,172,30623,7954.292199,243584290,3020111,47771553687,1,1,28,24,34,0,194668641
2021-08-06,2,2021,8,32,6,0,173,30346,8328.939893,252750010,2727873,50237944937,5,1,28,23,34,3,185847308
2021-08-07,2,2021,8,32,7,0,173,31926,8452.792082,269863840,2484820,47194296436,0,3,27,23,33,4,227921244
2021-08-08,2,2021,8,33,1,0,170,25817,8630.647248,222817420,3109110,47079792283,0,1,25,23,29,9,30080375
2021-08-09,2,2021,8,33,2,0,173,27355,7651.000183,209293110,3139242,43561385157,0,2,26,22,31,4,175165784
2021-08-10,2,2021,8,33,3,0,173,26655,7818.950291,208414120,2869176,46409261275,1,4,25,22,30,7,219478386
2021-08-11,2,2021,8,33,4,0,173,27851,7851.909447,218683530,2874965,49011866303,1,2,26,22,31,1,167481343
2021-08-12,2,2021,8,33,5,0,173,28779,7674.545849,220865755,2363696,46312230645,0,0,25,22,30,1,182473996
2021-08-13,2,2021,8,33,6,0,173,30535,8092.12674,247093090,2526172,58295261743,0,2,25,22,29,1,187535010
2021-08-14,2,2021,8,33,7,0,174,31300,8707.288818,272538140,2540040,55407878842,0,4,24,21,27,10,204646165
2021-08-15,2,2021,8,34,1,1,173,33145,8499.623171,281720010,2485908,55314734681,0,2,24,20,29,1,25993931
2021-08-16,2,2021,8,34,2,1,174,29403,7896.679829,232186077,2693423,50197794848,0,3,24,21,29,1,165055241
2021-08-17,2,2021,8,34,3,0,173,26033,7718.426228,200933790,3443746,48488281950,0,1,24,20,28,5,264167457
2021-08-18,2,2021,8,34,4,0,173,25334,7566.56134,191691265,2693383,51269401225,1,2,23,20,28,7,178236735
2021-08-19,2,2021,8,34,5,0,175,26152,7442.885057,194646330,2433041,49587537011,1,5,23,20,28,4,158062633
2021-08-20,2,2021,8,34,6,0,175,29672,7754.799474,230100410,2700283,49646366270,0,8,24,20,30,1,170580242
2021-08-21,2,2021,8,34,7,0,175,26998,8636.784947,233175920,2566657,46716365793,0,4,23,21,26,47,177266527
2021-08-22,2,2021,8,35,1,0,172,28196,7905.84817,222913295,2531029,46649970359,0,0,25,21,29,0,24170213
2021-08-23,2,2021,8,35,2,0,174,24609,7685.461823,189131530,2741671,42607246514,1,2,22,21,25,45,157922201
2021-08-24,2,2021,8,35,3,0,173,23385,7544.525978,176428740,2769518,47957540732,0,1,24,21,27,38,218401860
2021-08-25,2,2021,8,35,4,0,175,24786,7726.275317,191503460,2586816,58211264008,0,12,24,22,26,22,152431680
2021-08-26,2,2021,8,35,5,0,175,27021,7514.198586,203041160,2700726,54201182893,0,4,25,21,30,0,156037284
2021-08-27,2,2021,8,35,6,0,176,27200,8096.326838,220220090,2516812,55175587508,0,3,23,20,26,15,239416342
2021-08-28,2,2021,8,35,7,0,176,33413,8192.281896,273728715,2321440,53439773655,1,2,24,20,29,0,178050282
2021-08-29,2,2021,8,36,1,0,175,28001,7739.938574,216726020,2365528,53440709461,0,1,23,20,27,12,23269557
2021-08-30,2,2021,8,36,2,0,176,27107,7347.652636,199172820,2689606,51017531063,0,8,24,21,28,0,174629687
2021-08-31,2,2021,8,36,3,0,176,22666,7645.120886,173284310,2860702,52635717303,3,9,23,20,27,15,221128918
2021-09-01,3,2021,9,36,4,0,176,23038,7745.420392,178438995,2565599,55084438421,9,1,22,20,25,39,161953864
2021-09-02,3,2021,9,36,5,0,176,26286,7432.419349,195368575,2329716,52134879723,0,1,22,19,25,2,150909215
2021-09-03,3,2021,9,36,6,0,176,29176,7902.542843,230564590,2399176,52694266883,7,1,22,18,26,1,165822106
2021-09-04,3,2021,9,36,7,0,176,32137,8254.515045,265275350,2156737,49841922628,0,1,22,17,27,0,179745994
2021-09-05,3,2021,9,37,1,0,174,26105,7863.551389,205278009,2208576,49885426510,0,0,21,18,25,1,32728139
2021-09-06,3,2021,9,37,2,0,176,25974,7216.147686,187432220,2609953,46252389088,0,3,21,18,24,10,149161353
2021-09-07,3,2021,9,37,3,0,175,22776,7672.271689,174743660,3114139,49714724036,0,3,21,19,24,11,225831806
2021-09-08,3,2021,9,37,4,0,175,26140,7350.787873,192149595,2580987,51963470315,2,3,22,19,27,1,154630221
2021-09-09,3,2021,9,37,5,0,175,26619,7408.344416,197202720,2250008,49620436686,1,0,22,17,28,0,147623142
2021-09-10,3,2021,9,37,6,0,174,28769,8136.959922,234092200,2387753,53601201726,2,3,22,19,26,1,175078310
2021-09-11,3,2021,9,37,7,0,174,32731,8401.156854,274978265,2413944,49568818518,0,1,23,19,29,0,184880451
2021-09-12,3,2021,9,38,1,0,173,28084,7935.822532,222869640,2232664,49476699907,0,1,23,18,29,0,23944271
2021-09-13,3,2021,9,38,2,0,174,26830,7375.51435,197885050,2767313,45885892354,0,6,23,19,27,0,162589162
2021-09-14,3,2021,9,38,3,0,174,26578,7901.728121,210012130,2374815,52098476872,0,1,22,18,25,3,263629003
2021-09-15,3,2021,9,38,4,0,173,26279,7575.59363,199079025,2509434,65048843340,0,5,22,18,27,0,207157847
2021-09-16,3,2021,9,38,5,0,174,26354,7661.167944,201902420,2518049,62569598919,0,3,21,16,26,1,222591670
2021-09-17,3,2021,9,38,6,0,175,25734,8186.055413,210659950,2666409,67416778709,2,5,20,18,24,16,216043599
2021-09-18,3,2021,9,38,7,0,174,31378,8550.520747,268298240,3403876,62835746749,0,4,21,17,27,0,244342019
2021-09-19,3,2021,9,39,1,0,174,33845,8541.916531,289101165,2535979,62750201653,0,0,21,17,27,0,28026527
2021-09-20,3,2021,9,39,2,1,172,33053,8438.548695,278919350,2809000,57341063713,0,0,22,17,27,0,208976386
2021-09-21,3,2021,9,39,3,1,166,28667,9162.883455,262672380,2430543,56955561420,1,0,22,19,26,26,20925136
2021-09-22,3,2021,9,39,4,1,172,26334,8055.146958,212124240,2721251,51461182853,0,0,22,18,27,5,222358675
2021-09-23,3,2021,9,39,5,0,174,27376,7425.687829,203285630,2754999,50836369992,0,0,20,16,26,0,209983897
2021-09-24,3,2021,9,39,6,0,175,27821,7628.264261,212225940,2160006,56864684621,0,2,20,14,26,1,153850617
2021-09-25,3,2021,9,39,7,0,174,27785,8088.083138,224727390,2228380,54624491118,0,6,20,16,24,1,204623874
2021-09-26,3,2021,9,40,1,0,173,26271,7616.498801,200093040,2370600,54554935044,0,2,21,17,25,0,25620134
2021-09-27,3,2021,9,40,2,0,172,25793,7142.050944,184214920,2465383,51551160952,0,4,21,17,25,0,142917743
2021-09-28,3,2021,9,40,3,0,172,25876,7070.524038,182956880,2402929,52060205656,0,2,21,18,24,1,197613075
2021-09-29,3,2021,9,40,4,0,172,22779,7401.097502,168589600,3096446,55246389346,1,4,21,19,24,23,152805973
2021-09-30,3,2021,9,40,5,0,173,27009,7293.426636,196988160,2450890,55247291641,3,25,21,17,27,4,147027788
2021-10-01,3,2021,10,40,6,0,173,28246,7778.199745,219703030,2808236,65241241875,14,1,20,15,27,1,145573848
2021-10-02,3,2021,10,40,7,0,174,32894,8282.61081,272448200,2720763,61946985937,0,1,20,16,27,1,188391116
2021-10-03,3,2021,10,41,1,1,173,33448,7931.071514,265278480,2449195,63368081814,0,0,21,15,29,0,26793600
2021-10-04,3,2021,10,41,2,1,173,25627,7548.468802,193444610,2582193,58715851594,0,0,23,17,28,3,160007977
2021-10-05,3,2021,10,41,3,0,173,25476,7242.339457,184505840,2432335,58195938427,2,2,22,18,28,2,263202091
2021-10-06,3,2021,10,41,4,0,172,23742,7376.561368,175134320,2273377,59410836295,0,1,20,17,25,4,169812235
2021-10-07,3,2021,10,41,5,0,173,24537,7317.93251,179560110,2482061,57256994091,2,0,20,17,25,2,159327392
2021-10-08,3,2021,10,41,6,0,175,25416,8112.843878,206196040,2508579,66540364453,1,3,20,18,23,2,152512274
2021-10-09,3,2021,10,41,7,1,175,31253,8752.892842,273554160,2230246,64139191465,0,2,22,19,27,4,195965908
2021-10-10,3,2021,10,42,1,0,174,32888,8440.129226,277578970,2297856,63920339772,0,1,22,18,28,5,23305023
2021-10-11,3,2021,10,42,2,1,175,25431,7938.107035,201874000,2686442,58558483509,0,1,16,14,21,12,148811712
2021-10-12,3,2021,10,42,3,0,176,26538,7191.989977,190861030,2434136,56770126218,0,3,16,15,18,4,249045540
2021-10-13,3,2021,10,42,4,0,175,27206,7150.114313,194526010,2500531,60666111064,2,3,18,15,23,0,170562187
2021-10-14,3,2021,10,42,5,0,175,27756,7084.330595,196632680,2927378,58423247904,0,3,19,15,25,0,153684864
2021-10-15,3,2021,10,42,6,0,175,26100,7923.925287,206814450,2403562,58619597326,4,2,18,15,22,6,158052116
2021-10-16,3,2021,10,42,7,0,176,29111,8307.923637,241851965,2533312,56039112848,0,3,13,7,17,6,178218838
2021-10-17,3,2021,10,43,1,0,174,24906,7797.649562,194208260,2756720,55936267468,0,4,6,2,13,0,22773139
2021-10-18,3,2021,10,43,2,0,174,25743,7149.769258,184056510,2692569,51442567920,0,3,9,1,17,0,139974388
2021-10-19,3,2021,10,43,3,0,174,24264,7086.665842,171950860,2786500,52553915017,0,1,11,6,17,3,219412808
2021-10-20,3,2021,10,43,4,0,176,25592,7156.249609,183142740,3057031,54711968080,0,4,9,4,16,0,152028773
2021-10-21,3,2021,10,43,5,0,176,25826,7147.795632,184598970,2621681,52436528589,0,2,9,4,16,0,161495614
2021-10-22,3,2021,10,43,6,0,176,26959,7685.091435,207182380,2933982,69914296552,4,1,10,5,17,0,176390634
2021-10-23,3,2021,10,43,7,0,176,30550,8012.688052,244787620,2640691,67011396174,0,2,10,4,19,0,184160107
2021-10-24,3,2021,10,44,1,0,175,27167,7696.273236,209084655,2811269,66823913885,0,4,10,4,19,0,21884520
2021-10-25,3,2021,10,44,2,0,176,25893,7269.575947,188231130,2869423,62800401580,1,14,11,5,19,0,134844250
2021-10-26,3,2021,10,44,3,0,176,25826,7038.117401,181766420,2790533,61825428856,1,1,11,5,19,0,223876305
2021-10-27,3,2021,10,44,4,0,176,26294,7156.229558,188165900,2878739,60448478092,3,3,13,8,20,0,163302259
2021-10-28,3,2021,10,44,5,0,174,25831,7261.373156,187568530,2712773,56822531591,0,2,12,5,20,0,161578576
2021-10-29,3,2021,10,44,6,0,174,27127,7828.033325,212351060,2904967,56018139901,5,7,12,7,19,0,182681397
2021-10-30,3,2021,10,44,7,0,173,30555,8186.540664,250139750,2475200,55237351653,0,6,12,8,18,0,169291816
2021-10-31,3,2021,10,45,1,0,172,27501,7952.22101,218694030,2694484,55363735314,6,15,12,6,20,0,23643888
2021-11-01,3,2021,11,45,2,0,175,25175,7379.518967,185779390,2719010,50585592001,14,2,13,8,19,0,170573708
2021-11-02,3,2021,11,45,3,0,176,24634,7356.870179,181229140,2623314,52360626264,2,0,11,6,17,0,234780989
2021-11-03,3,2021,11,45,4,0,177,25265,7297.473184,184370660,2706785,54972853305,1,1,11,6,18,0,170170660
2021-11-04,3,2021,11,45,5,0,177,25831,7178.804537,185435700,2698710,52237150043,2,1,12,6,19,0,169641920
2021-11-05,3,2021,11,45,6,0,178,27952,7642.52397,213623830,2707071,54656090079,2,1,12,6,19,0,154617228
2021-11-06,3,2021,11,45,7,0,178,31305,8139.343875,254802160,2512114,52133354397,0,0,13,7,20,0,171253255
2021-11-07,3,2021,11,46,1,0,177,26558,7701.059944,204524750,2988205,52093619286,0,1,14,7,21,0,18917736
2021-11-08,3,2021,11,46,2,0,176,22624,7458.876193,168749615,3407761,47844165293,0,3,10,6,17,23,147182483
2021-11-09,3,2021,11,46,3,0,177,22844,7683.84346,175529720,2818021,50935710205,0,1,7,5,10,3,219550117
2021-11-10,3,2021,11,46,4,0,178,24591,7616.0819,187287070,2816919,54299426486,0,0,7,4,9,3,148878366
2021-11-11,3,2021,11,46,5,0,178,25729,7750.325314,199408120,2761033,50542114414,0,1,7,4,11,1,138376975
2021-11-12,3,2021,11,46,6,0,178,25340,8029.585635,203469700,2719845,52575613389,3,5,6,2,10,1,145688705
2021-11-13,3,2021,11,46,7,0,178,28009,8270.838659,231657920,2778253,49477919625,0,3,7,1,14,0,166210973
2021-11-14,3,2021,11,47,1,0,176,24975,7793.371371,194639450,2964209,49429281492,0,1,9,4,17,0,19639917
2021-11-15,3,2021,11,47,2,0,178,24794,7176.424135,177932260,3026251,45518133340,1,6,9,4,16,0,128826693
2021-11-16,3,2021,11,47,3,0,178,24195,7327.88324,177298135,3316499,48867491397,1,0,8,3,15,0,221065881
2021-11-17,3,2021,11,47,4,0,178,24256,7198.483056,174606405,3077402,51322872049,0,6,7,1,14,0,153152149
2021-11-18,3,2021,11,47,5,0,178,24737,7332.633707,181387360,2719787,49057196305,0,2,10,4,16,0,139727115
2021-11-19,3,2021,11,47,6,0,178,27592,7895.453755,217851360,2719233,51729237208,0,2,11,6,18,0,156847753
2021-11-20,3,2021,11,47,7,0,177,28925,8255.676059,238795430,2781175,48135280469,0,5,10,5,17,0,151703605
2021-11-21,3,2021,11,48,1,0,176,24509,7899.161124,193600540,2738730,48044345904,0,0,10,6,16,1,21715238
2021-11-22,3,2021,11,48,2,0,177,22948,7415.770438,170177100,2790542,43965426701,0,4,6,1,12,2,143005556
2021-11-23,3,2021,11,48,3,0,177,22231,7315.855787,162638790,2985736,46871677875,0,2,3,0,5,1,212423735
2021-11-24,3,2021,11,48,4,0,177,23198,7269.268471,168632490,2849306,50582657487,0,4,6,1,11,0,149044932
2021-11-25,3,2021,11,48,5,0,178,23668,7244.845783,171471010,3108101,48885212653,0,11,8,2,14,0,139482908
2021-11-26,3,2021,11,48,6,0,178,25074,7787.101779,195253790,2753988,51860093653,1,1,5,0,11,0,150740741
2021-11-27,3,2021,11,48,7,0,178,27323,8378.72342,228931860,2715906,49240917952,0,2,3,-2,11,0,176917992
2021-11-28,3,2021,11,49,1,0,177,23842,7809.026927,186182820,2845049,49179357957,0,1,5,-3,13,0,21944608
2021-11-29,3,2021,11,49,2,0,179,24129,7284.342078,175763890,2858584,46377236882,0,9,6,0,14,0,189353542
2021-11-30,3,2021,11,49,3,0,179,21964,7557.051084,165983070,2877637,48147417381,2,19,6,2,11,23,208466523
2021-12-01,4,2021,12,49,4,0,180,22266,7583.479296,168853750,3174383,52571421295,16,2,1,-2,4,0,156597451
2021-12-02,4,2021,12,49,5,0,180,22825,7307.508434,166793880,2763096,49445159447,1,0,2,-4,7,0,144426514
2021-12-03,4,2021,12,49,6,0,181,24304,8005.252633,194559660,2991087,51930399317,3,1,4,0,8,1,156945758
2021-12-04,4,2021,12,49,7,0,181,26344,8516.88392,224368790,2880941,49652989496,0,0,2,-3,8,0,169380432
2021-12-05,4,2021,12,50,1,0,179,22896,7853.583159,179815640,2855711,49619987195,0,0,3,-3,10,0,20347935
2021-12-06,4,2021,12,50,2,0,180,23722,7353.698255,174444430,2857200,45610752311,0,2,5,-1,13,0,145081026
2021-12-07,4,2021,12,50,3,0,179,23075,7382.604334,170353595,3308717,49887441505,1,0,6,0,13,1,214470062
2021-12-08,4,2021,12,50,4,0,179,23792,7411.151227,176326110,3000347,50816474305,1,4,5,0,13,0,142370402
2021-12-09,4,2021,12,50,5,0,179,23473,7419.618711,174160710,2851672,48469826288,1,0,6,0,12,0,141489846
2021-12-10,4,2021,12,50,6,0,181,25152,7997.5823,201155190,2959987,50654691920,0,3,7,3,12,0,150549790
2021-12-11,4,2021,12,50,7,0,181,27242,8325.740034,226809810,2848590,46553025871,0,0,7,3,12,0,201354765
2021-12-12,4,2021,12,51,1,0,180,23084,8055.231329,185946960,2962579,46466886244,0,1,4,-1,9,0,22195295
2021-12-13,4,2021,12,51,2,0,180,23435,7368.713036,172685790,2930943,42031866824,3,2,-1,-5,4,0,149873138
2021-12-14,4,2021,12,51,3,0,181,23252,7286.737055,169431210,2552945,45566618959,0,5,2,-4,8,0,222699986
2021-12-15,4,2021,12,51,4,0,182,23521,7536.219548,177259420,2676956,47780215966,1,5,6,2,12,1,141369758
2021-12-16,4,2021,12,51,5,0,181,23802,7499.721452,178508370,2622631,45710216488,0,0,6,3,10,1,144533544
2021-12-17,4,2021,12,51,6,0,181,23442,8214.121875,192555445,3017319,47871254505,2,2,-2,-7,6,0,150762272
2021-12-18,4,2021,12,51,7,0,182,25014,8970.257056,224382010,2947060,45112088243,0,2,-4,-10,2,1,161101707
2021-12-19,4,2021,12,52,1,0,179,21081,8181.267966,172469310,2669665,45049267829,0,1,1,-4,5,1,19159874
2021-12-20,4,2021,12,52,2,0,180,23355,7616.68465,177887670,3061695,40909414547,5,3,5,-2,11,0,129928021
2021-12-21,4,2021,12,52,3,0,181,23080,7670.34662,177031600,2928548,44303916079,2,1,6,1,13,0,212764310
2021-12-22,4,2021,12,52,4,0,180,23033,7799.569314,179647480,2882903,48659344801,1,5,3,-2,10,0,154994700
2021-12-23,4,2021,12,52,5,0,181,22778,7840.710335,178595700,2845868,46804283381,0,6,2,-4,10,0,173695075
2021-12-24,4,2021,12,52,6,0,181,24945,9160.201644,228501230,3104258,51624740364,2,3,2,-3,8,1,155482583
2021-12-25,4,2021,12,52,7,1,181,25179,9946.675801,250447350,3158479,47866455783,0,4,-6,-10,-1,1,189383405
2021-12-26,4,2021,12,53,1,0,178,19991,9051.075484,180940050,3095371,47766735488,0,4,-8,-12,-4,0,19220457
2021-12-27,4,2021,12,53,2,0,180,22054,8464.104017,186667350,3710366,44507623708,3,4,-5,-11,1,0,136840312
2021-12-28,4,2021,12,53,3,0,180,21677,8220.842829,178203210,3186677,46767214004,3,13,0,-5,5,0,225525350
2021-12-29,4,2021,12,53,4,0,182,22274,8574.558678,190989720,3184845,47560524974,2,2,3,-3,8,0,162489544
2021-12-30,4,2021,12,53,5,0,181,22846,8658.324871,197808090,3351857,46640045841,1,1,-1,-3,3,0,183823180
2021-12-31,4,2021,12,53,6,0,182,26852,10340.21488,277655450,3947208,45410920645,3,4,-4,-7,0,0,166406903
2022-01-01,4,2022,1,1,7,1,182,27964,9631.883135,269345980,3060980,44032735923,2,4,-4,-10,3,0,167035989
2022-01-02,4,2022,1,2,1,0,181,21084,8602.024758,181365090,2829642,43671447239,0,2,-1,-7,6,0,23097641
2022-01-03,4,2022,1,2,2,0,183,21466,7998.150564,171688300,3265614,45349768229,11,0,-2,-8,5,0,138894188
2022-01-04,4,2022,1,2,3,0,182,22048,7850.308418,173083600,3344741,55204341312,5,2,0,-5,5,0,220902284
2022-01-05,4,2022,1,2,4,0,181,22044,7876.311014,173625400,2569887,61291639119,2,3,-1,-6,4,0,177704211
2022-01-06,4,2022,1,2,5,0,183,22032,8029.867012,176914030,2737735,59560323408,1,2,0,-5,6,0,189206267
2022-01-07,4,2022,1,2,6,0,182,24158,8495.18172,205226600,3218484,62062180008,1,2,-2,-8,7,0,157930536
2022-01-08,4,2022,1,2,7,0,184,25925,8987.018322,232988450,3131048,60496069804,1,0,0,-7,7,0,167104365
2022-01-09,4,2022,1,3,1,0,183,22676,8262.051729,187350285,2732591,60022826835,1,2,2,-3,7,0,20386990
2022-01-10,4,2022,1,3,2,0,183,22872,8006.554739,183125920,2796117,56332220302,1,2,1,-5,8,0,133865691
2022-01-11,4,2022,1,3,3,0,184,21537,8135.226355,175208370,2867786,56804051769,2,1,-3,-7,2,0,211643895
2022-01-12,4,2022,1,3,4,0,185,21678,8101.688348,175628400,2696306,56709127757,1,0,-5,-10,0,0,161225321
2022-01-13,4,2022,1,3,5,0,182,21665,8297.280868,179760590,2770460,54898678139,0,1,-4,-8,-1,0,195766914
2022-01-14,4,2022,1,3,6,0,184,23812,8672.010331,206497910,3299010,56866063321,2,5,-4,-10,3,0,166791452
2022-01-15,4,2022,1,3,7,0,187,27129,9119.464411,247401950,3263460,53400821761,1,7,0,-6,6,0,154857196
2022-01-16,4,2022,1,4,1,0,185,21842,8624.899734,188385060,2748235,53338652288,0,1,1,-4,5,0,22383016
2022-01-17,4,2022,1,4,2,0,186,21596,8216.519726,177443960,3214350,49579615758,0,5,-3,-7,2,0,139929150
2022-01-18,4,2022,1,4,3,0,184,21964,8153.724731,179088410,3039476,52570561732,0,1,-4,-9,2,0,226644405
2022-01-19,4,2022,1,4,4,0,183,21544,8264.982826,178060790,3027039,57720974958,1,2,-3,-9,3,0,164038100
2022-01-20,4,2022,1,4,5,0,184,21783,8063.776339,175653240,2878128,56666390809,0,5,-4,-9,3,0,145110463
2022-01-21,4,2022,1,4,6,0,185,23715,8846.738773,209800410,3054477,61470066800,1,4,-3,-10,6,0,148361458
2022-01-22,4,2022,1,4,7,0,186,26217,9152.00328,239938070,3067885,57733686090,0,1,2,-5,8,0,168416547
2022-01-23,4,2022,1,5,1,0,184,22213,8351.477963,185511380,3219024,57370324844,0,0,4,0,10,0,21598963
2022-01-24,4,2022,1,5,2,0,186,22188,7922.264738,175779210,3429075,54979943097,0,3,4,-1,8,0,138789548
2022-01-25,4,2022,1,5,3,0,186,22159,8127.485446,180096950,3030225,62624209763,1,4,3,1,6,0,225293890
2022-01-26,4,2022,1,5,4,0,186,22443,8597.925411,192963240,2998093,81035937503,1,1,2,-2,7,0,220350373
2022-01-27,4,2022,1,5,5,0,187,22523,7919.334902,178367180,3443665,74696463469,0,4,1,-4,7,0,200798728
2022-01-28,4,2022,1,5,6,0,187,23303,8577.051453,199871030,3275705,72161793378,0,5,0,-5,5,0,331930294
2022-01-29,4,2022,1,5,7,0,187,25763,9297.560067,239533040,3235112,68632142336,0,8,-1,-5,4,0,254590160
2022-01-30,4,2022,1,6,1,0,186,25926,9290.905269,240876010,3157173,69802950656,0,3,-2,-7,5,0,32200488
2022-01-31,4,2022,1,6,2,1,185,25888,9015.155671,233384350,3586575,65884364057,0,2,-1,-8,6,0,169960850
2022-02-01,4,2022,2,6,3,1,174,22914,9784.389893,224199510,3042996,65835750430,9,0,0,-3,3,1,11936822
2022-02-02,4,2022,2,6,4,1,182,20860,8707.801055,181644730,3083862,61106739105,0,0,-1,-5,3,0,190818310
2022-02-03,4,2022,2,6,5,0,187,22470,8245.23943,185270530,2983200,61412877295,4,0,-2,-6,4,0,205965850
2022-02-04,4,2022,2,6,6,0,187,22935,8865.329409,203326330,3023045,64792876917,2,0,-3,-7,3,0,146530028
2022-02-05,4,2022,2,6,7,0,188,22967,9058.142988,208038370,2727035,62422981501,0,3,-4,-8,0,0,149713779
2022-02-06,4,2022,2,7,1,0,186,19653,8351.498499,164132000,3093071,62350364676,0,1,-3,-8,3,0,23624001
2022-02-07,4,2022,2,7,2,0,186,21476,8167.185696,175398480,2903936,58654062200,2,2,-2,-7,3,0,139969615
2022-02-08,4,2022,2,7,3,0,187,21506,8054.268111,173215090,2902286,57468549464,0,1,0,-6,6,0,200372648
2022-02-09,4,2022,2,7,4,0,187,21920,7911.766423,173425920,2897689,56772304939,0,1,1,-7,8,0,148698494
2022-02-10,4,2022,2,7,5,0,188,22248,8104.792341,180315420,3005755,54155478168,0,1,2,-2,9,0,130861547
2022-02-11,4,2022,2,7,6,0,188,24038,8726.118645,209758440,3239771,54334401246,2,0,2,-5,10,0,139093241
2022-02-12,4,2022,2,7,7,0,188,27248,8873.213447,241777320,3021366,51143728979,0,1,4,-2,11,0,181171121
2022-02-13,4,2022,2,8,1,0,186,22613,8463.452881,191384060,2750924,51207764407,0,3,4,0,11,0,22854502
2022-02-14,4,2022,2,8,2,0,186,23397,8091.623712,189319720,2845905,46908741994,2,1,4,-2,11,0,180915578
2022-02-15,4,2022,2,8,3,0,189,21352,8281.90755,176835290,2945553,48348955442,2,4,-2,-6,2,0,212250846
2022-02-16,4,2022,2,8,4,0,189,20781,8364.849622,173829940,2741669,50053793295,0,3,-5,-8,-1,0,154576133
2022-02-17,4,2022,2,8,5,0,190,21776,8216.591201,178924490,2949274,48419736762,0,2,-5,-10,0,0,140863878
2022-02-18,4,2022,2,8,6,0,190,24430,8723.762178,213121510,3107189,53438304804,0,0,-1,-10,7,0,155496533
2022-02-19,4,2022,2,8,7,0,191,26440,9155.977307,242084040,3300615,50669787735,0,3,1,-3,5,0,179021257
2022-02-20,4,2022,2,9,1,0,188,21295,8675.97699,184754930,3339669,50189934184,0,1,-3,-6,1,0,20878144
2022-02-21,4,2022,2,9,2,0,189,22111,8367.080186,185004510,3665445,46378997894,0,4,-1,-8,5,0,168853255
2022-02-22,4,2022,2,9,3,0,188,21718,8480.422691,184177820,3279300,51168477904,0,4,-2,-6,3,0,209164477
2022-02-23,4,2022,2,9,4,0,187,21992,8231.184976,181020220,3391885,56196148365,1,6,-4,-8,2,0,180557653
2022-02-24,4,2022,2,9,5,0,188,22090,8517.806247,188158340,3490656,51658807774,1,1,-2,-9,5,0,155281436
2022-02-25,4,2022,2,9,6,0,188,24987,8916.61584,222799480,3205894,62455272901,0,10,3,-5,10,0,238868613
2022-02-26,4,2022,2,9,7,0,189,26931,9424.077829,253799840,3392579,61616873256,0,2,6,-1,12,1,200973020
2022-02-27,4,2022,2,10,1,0,188,26947,8827.933351,237886320,2833228,63266454427,1,4,4,-2,11,0,23772026
2022-02-28,4,2022,2,10,2,0,188,27012,8631.555235,233155570,3299728,61687905080,4,20,6,-2,13,0,151021938
2022-03-01,1,2022,3,10,3,1,190,22849,8399.71246,191925030,3205643,58327216990,8,0,6,1,12,2,235044856
2022-03-02,1,2022,3,10,4,0,188,24861,7586.293391,188602840,2745737,58643321605,4,1,4,-2,10,0,191512706
2022-03-03,1,2022,3,10,5,0,188,24821,7728.49442,191828960,2774331,58602558953,0,1,5,-1,13,0,175314379
2022-03-04,1,2022,3,10,6,0,189,25205,8253.68288,208034077,2745513,62647371668,2,1,8,-1,16,0,169042035
2022-03-05,1,2022,3,10,7,0,190,24633,8851.727358,218044600,3157464,60406360181,0,0,4,0,9,0,175064913
2022-03-06,1,2022,3,11,1,0,188,21685,8467.507033,183617890,3362064,60382116051,0,0,2,-3,8,0,21968063
2022-03-07,1,2022,3,11,2,0,189,24148,7623.81398,184099860,3447529,56414793864,2,1,3,-4,11,0,147330113
2022-03-08,1,2022,3,11,3,0,190,25280,7672.461432,193959825,2847512,62472871010,0,0,5,-2,13,0,217801168
2022-03-09,1,2022,3,11,4,0,190,24681,7998.0094,197398870,2944600,59251762772,0,1,7,-1,15,0,159534444
2022-03-10,1,2022,3,11,5,0,190,25716,7538.877353,193869770,3488570,56264340014,2,4,8,0,17,0,167624430
2022-03-11,1,2022,3,11,6,0,190,26499,8053.670705,213414220,2866446,59324397860,0,2,11,3,18,0,158510120
2022-03-12,1,2022,3,11,7,0,192,27395,8551.945611,234280550,2795743,56317114630,0,1,13,6,20,1,170406020
2022-03-13,1,2022,3,12,1,0,190,21023,8782.676022,184638198,2892259,56325324189,0,0,13,10,16,19,21969347
2022-03-14,1,2022,3,12,2,0,190,25670,8026.019478,206027920,3599186,52642853771,0,2,10,6,13,4,141839745
2022-03-15,1,2022,3,12,3,0,192,25676,7501.30511,192603510,3198612,55050862542,0,3,9,3,16,0,216278232
2022-03-16,1,2022,3,12,4,0,191,26334,7408.270297,195089390,2857066,56448900590,2,0,11,2,19,0,160748974
2022-03-17,1,2022,3,12,5,0,191,23994,7626.805035,182997560,2986418,53845092241,2,3,9,6,12,6,150114398
2022-03-18,1,2022,3,12,6,0,191,24314,8191.928272,199178544,3198598,55518305366,1,2,6,5,9,7,183267487
2022-03-19,1,2022,3,12,7,0,191,23128,9152.85844,211687310,3645225,52818275112,2,3,4,2,6,10,156719022
2022-03-20,1,2022,3,13,1,0,192,21931,8205.842415,179962330,3129411,52775537556,0,2,5,1,9,0,21056353
2022-03-21,1,2022,3,13,2,0,193,25034,7384.890149,184873340,2975386,49084521633,1,3,6,-1,12,0,134063958
2022-03-22,1,2022,3,13,3,0,186,25458,7106.647812,180921040,3041923,51810914137,0,1,7,1,13,0,211488072
2022-03-23,1,2022,3,13,4,0,193,24741,7548.962855,186768890,3117043,54269002066,2,2,6,2,10,0,217042749
2022-03-24,1,2022,3,13,5,0,191,24671,7489.638037,184776860,3180203,51621093856,0,6,8,1,14,0,147792612
2022-03-25,1,2022,3,13,6,0,194,26243,8053.211523,211340430,3526880,61725099904,0,12,12,4,18,12,154249500
2022-03-26,1,2022,3,13,7,0,195,25836,8741.392553,225842618,3861139,60011551019,0,2,12,8,16,28,175009234
2022-03-27,1,2022,3,14,1,0,193,25067,8106.702836,203210720,3675048,59580002779,0,1,9,4,16,0,20969468
2022-03-28,1,2022,3,14,2,0,193,26254,7489.696046,196634480,3731230,55981072108,0,6,7,0,14,0,139458666
2022-03-29,1,2022,3,14,3,0,194,26776,7220.716687,193341910,3019514,57394767147,0,5,9,1,17,0,231491499
2022-03-30,1,2022,3,14,4,0,194,25090,7389.773615,185409420,2714168,60960631145,1,8,12,4,19,1,239752356
2022-03-31,1,2022,3,14,5,0,191,25318,7629.127103,193154240,3488140,59263186560,1,22,10,6,13,1,156704690
2022-04-01,1,2022,4,14,6,0,193,27675,8051.039639,222812522,3019267,60464249118,11,0,8,3,14,0,159380215
2022-04-02,1,2022,4,14,7,0,192,30375,8579.348148,260597700,3289620,57167501482,0,0,8,1,15,0,172110298
2022-04-03,1,2022,4,15,1,0,192,26105,8099.523846,211438070,3124816,57085209981,0,0,9,1,17,0,26232264
2022-04-04,1,2022,4,15,2,0,194,27289,7218.344388,196981400,2914949,52611015768,1,0,10,2,18,0,157030138
2022-04-05,1,2022,4,15,3,0,195,27885,7246.920208,202080370,2876387,54852518774,1,1,11,2,18,0,240520254
2022-04-06,1,2022,4,15,4,0,196,27428,7255.090783,198992630,3362565,57496283551,1,2,12,5,19,0,161280298
2022-04-07,1,2022,4,15,5,0,196,27636,7249.800261,200355480,3034887,54532805004,0,0,12,6,18,1,165656615
2022-04-08,1,2022,4,15,6,0,195,30299,7876.209776,238641280,2946846,56718898114,2,1,13,3,21,0,178831347
2022-04-09,1,2022,4,15,7,0,195,34429,8456.541869,291150280,3186283,53660476502,0,0,17,9,25,0,204456842
2022-04-10,1,2022,4,16,1,0,194,31803,7839.589347,249322460,3042577,53555422984,0,1,18,10,25,0,24073798
2022-04-11,1,2022,4,16,2,0,196,30948,7116.674422,220246840,3771778,49301882372,0,3,19,12,25,0,158587864
2022-04-12,1,2022,4,16,3,0,196,30114,7207.862124,217057560,3466933,51468926064,2,1,19,13,26,0,258032543
2022-04-13,1,2022,4,16,4,0,195,25257,7470.011482,188670080,3394698,54354962134,0,1,12,10,17,10,182688170
2022-04-14,1,2022,4,16,5,0,196,26727,7292.436862,194904960,3954778,52214831371,0,3,11,9,14,2,187216478
2022-04-15,1,2022,4,16,6,0,197,29428,7819.58271,230114680,3761832,53928477636,2,4,11,7,18,0,183788570
2022-04-16,1,2022,4,16,7,0,197,33563,8251.004082,276928450,3010882,50865568478,0,1,11,4,19,0,192455805
2022-04-17,1,2022,4,17,1,0,194,29918,7863.222809,235251900,3291879,50801539277,0,0,13,4,21,0,27090408
2022-04-18,1,2022,4,17,2,0,197,29504,7030.895133,207439530,3463488,46203406623,1,6,15,9,22,0,161525534
2022-04-19,1,2022,4,17,3,0,197,29836,6992.616638,208631710,3044483,49839366523,0,3,14,7,23,0,238652309
2022-04-20,1,2022,4,17,4,0,197,30729,7062.490481,217023270,3632811,53407874913,0,4,15,6,23,0,180034504
2022-04-21,1,2022,4,17,5,0,197,30029,7034.051417,211225530,3101021,50530728677,2,1,13,8,19,1,167241038
2022-04-22,1,2022,4,17,6,0,197,30790,7742.438129,238389670,3407670,55531213186,0,1,16,9,23,0,197019870
2022-04-23,1,2022,4,17,7,0,197,34730,8092.440541,281050460,3432607,50962809147,0,1,17,12,24,0,202452169
2022-04-24,1,2022,4,18,1,0,195,31955,7639.723987,244127380,3410807,50848529190,0,2,19,12,26,0,26660892
2022-04-25,1,2022,4,18,2,0,197,30543,7059.49612,215618190,3243249,47334654156,2,7,19,14,26,9,164496248
2022-04-26,1,2022,4,18,3,0,196,30224,7091.397896,214330410,3640090,55152710319,1,1,18,15,22,23,249176979
2022-04-27,1,2022,4,18,4,0,196,30863,6961.789521,214861710,3421868,60164586757,0,2,16,11,22,0,197030146
2022-04-28,1,2022,4,18,5,0,194,29476,7071.583661,208442000,2902801,55923896235,1,5,15,9,22,0,181207749
2022-04-29,1,2022,4,18,6,0,196,28710,8009.976663,229966430,3497788,59291958767,2,8,12,9,15,14,311370072
2022-04-30,1,2022,4,18,7,0,198,32515,8493.441796,276164260,3615379,58063748252,1,28,12,9,17,0,182069462
2022-05-01,1,2022,5,19,1,1,197,29011,7999.270277,232066830,3028958,57959583516,8,0,13,7,19,0,26554967
2022-05-02,1,2022,5,19,2,0,197,29127,7305.784667,212795590,3365384,53183310280,11,0,12,6,19,0,179638588
2022-05-03,1,2022,5,19,3,0,198,30678,7014.090553,215178270,3183050,63363808645,1,0,13,5,21,0,267529006
2022-05-04,1,2022,5,19,4,0,199,32786,7592.578845,248930290,3342637,67084064172,0,0,16,7,25,0,196462588
2022-05-05,1,2022,5,19,5,1,199,36549,8237.553148,301074330,3047559,64246111679,0,2,18,9,25,0,189660116
2022-05-06,1,2022,5,19,6,0,198,38539,8015.851475,308922900,3753531,62392030713,0,0,19,11,26,0,196479709
2022-05-07,1,2022,5,19,7,0,199,33904,8397.927678,284723340,2860114,59426376612,0,0,17,12,23,0,212065570
2022-05-08,1,2022,5,20,1,1,196,26868,8312.663391,223344640,3800039,59132593760,0,1,15,10,20,1,33533958
2022-05-09,1,2022,5,20,2,0,198,31147,7149.245192,222677540,3507282,54740320837,0,1,16,10,22,0,201334683
2022-05-10,1,2022,5,20,3,0,199,31379,7032.736225,220680230,3063436,53786251341,4,1,16,9,23,0,256838803
2022-05-11,1,2022,5,20,4,0,199,31904,6987.250815,222921250,3170474,53422725008,1,1,18,13,24,0,171680084
2022-05-12,1,2022,5,20,5,0,200,31741,6983.648593,221667990,3327478,50647456103,3,3,19,14,25,0,177301593
2022-05-13,1,2022,5,20,6,0,200,29833,7998.429256,238617140,3360917,53162225946,1,1,16,13,20,1,193843802
2022-05-14,1,2022,5,20,7,0,200,34635,8348.365815,289145650,3188184,49925648861,0,4,15,9,22,0,198464894
2022-05-15,1,2022,5,21,1,0,198,29463,7878.919323,232136600,3255806,49780372985,0,2,15,9,21,0,25806684
2022-05-16,1,2022,5,21,2,0,199,31016,7002.600593,217192660,3348087,45403548376,2,1,16,8,23,0,171958685
2022-05-17,1,2022,5,21,3,0,198,32310,6873.712782,222089660,4268089,48876184532,0,2,18,10,26,0,289090298
2022-05-18,1,2022,5,21,4,0,199,31963,7052.465038,225417940,3245083,53542328741,0,0,20,12,27,0,198507331
2022-05-19,1,2022,5,21,5,0,201,32748,7013.07347,229664130,3985562,52820213101,1,3,19,14,25,0,200093564
2022-05-20,1,2022,5,21,6,0,202,34633,7802.510611,270224350,3564903,60951412536,5,4,20,14,26,0,185007539
2022-05-21,1,2022,5,21,7,0,202,39011,8129.054754,317122555,3305993,57840453765,1,1,20,14,27,0,202650658
2022-05-22,1,2022,5,22,1,0,201,32595,7852.947385,255966820,3319757,57725949693,0,1,21,14,28,0,30005958
2022-05-23,1,2022,5,22,2,0,202,32943,7048.774854,232207790,3127830,52569945374,4,4,21,14,29,0,187703320
2022-05-24,1,2022,5,22,3,0,203,34364,6901.390118,237159370,3391347,57224701533,0,5,22,15,30,0,286160849
2022-05-25,1,2022,5,22,4,0,203,33265,7133.638359,237300480,3265258,63205826446,0,6,21,15,28,1,184443131
2022-05-26,1,2022,5,22,5,0,203,32204,7124.63607,229441780,3455256,61057239591,0,4,19,14,25,1,190122065
2022-05-27,1,2022,5,22,6,0,202,33052,7672.602868,253594870,3272552,70521758397,0,4,20,14,26,0,214769035
2022-05-28,1,2022,5,22,7,0,202,39264,8118.880272,318779715,3263378,66315829833,0,3,22,13,29,0,247239132
2022-05-29,1,2022,5,23,1,0,201,32795,7841.225187,257152980,3380488,66307613740,0,3,22,14,29,0,29743326
2022-05-30,1,2022,5,23,2,0,202,31161,7032.185745,219129940,3337350,62600924588,3,7,20,17,24,1,308928844
2022-05-31,1,2022,5,23,3,0,204,35074,7204.906483,252704890,3209940,63787006470,0,32,21,13,27,0,257562929
2022-06-01,2,2022,6,23,4,0,204,33694,7740.646999,260813360,3133586,60340547281,12,0,21,14,29,0,194387873
2022-06-02,2,2022,6,23,5,0,203,34690,7234.7936,250974990,3621391,56759862393,3,0,21,13,29,0,201334773
2022-06-03,2,2022,6,23,6,0,203,34893,7810.569742,272534210,3813784,65836337897,1,0,22,16,29,0,212487292
2022-06-04,2,2022,6,23,7,0,204,40297,8948.076532,360580640,3451748,63324852747,0,0,22,16,28,0,218730731
2022-06-05,2,2022,6,24,1,0,202,37055,8911.408717,330212250,3278525,63037314101,0,0,18,17,21,19,34417071
2022-06-06,2,2022,6,24,2,1,204,26771,8560.514923,229173545,3561211,57721658364,0,0,18,15,23,8,198848663
2022-06-07,2,2022,6,24,3,0,203,30931,7155.126572,221315220,3800733,55932694949,2,0,17,14,21,7,302316411
2022-06-08,2,2022,6,24,4,0,203,31783,7092.722084,225427986,3355413,56898765815,3,1,18,14,23,0,217516033
2022-06-09,2,2022,6,24,5,0,203,30368,7139.942374,216825770,3379613,54883454616,1,3,19,15,25,1,196070569
2022-06-10,2,2022,6,24,6,0,205,33274,7885.538709,262383415,3139543,55340943815,1,3,21,15,27,0,202042113
2022-06-11,2,2022,6,24,7,0,205,36918,8259.735359,304932910,3653599,52747371408,0,5,21,17,28,1,202807940
2022-06-12,2,2022,6,25,1,0,204,33948,7835.25598,265991270,3272619,52677291912,0,1,21,16,26,0,31738254
2022-06-13,2,2022,6,25,2,0,205,32244,7168.606252,231144540,3743999,48417740673,1,3,21,18,25,1,180564131
2022-06-14,2,2022,6,25,3,0,204,30443,7308.416713,222490130,3384944,52560467623,2,0,18,16,20,5,282447507
2022-06-15,2,2022,6,25,4,0,203,29676,7278.984027,216011130,3297173,55470550271,1,6,19,15,23,11,192966796
2022-06-16,2,2022,6,25,5,0,204,32417,7222.50529,234131954,3975206,53441269667,0,0,21,17,26,1,178886109
2022-06-17,2,2022,6,25,6,0,205,35885,7714.713111,276842480,3595845,56330371744,1,4,23,16,28,0,191286134
2022-06-18,2,2022,6,25,7,0,205,39813,8384.559064,333814450,3600324,52821940731,0,2,24,20,29,0,201344851
2022-06-19,2,2022,6,26,1,0,204,34283,7892.016743,270562010,4349132,52776272387,0,0,25,21,29,0,33117912
2022-06-20,2,2022,6,26,2,0,204,34580,7238.692019,250313970,3624406,48147482990,0,5,25,21,31,2,179721106
2022-06-21,2,2022,6,26,3,0,205,33793,7099.496049,239913270,3456700,52911896840,1,1,26,21,32,0,283233137
2022-06-22,2,2022,6,26,4,0,205,32761,7322.798755,239902210,3480546,63619497085,2,2,26,21,32,0,199314263
2022-06-23,2,2022,6,26,5,0,205,27288,7785.903327,212461730,4594280,61717378826,0,1,24,21,28,30,201882124
2022-06-24,2,2022,6,26,6,0,204,33668,7996.086195,269212230,4095423,68625703896,2,6,25,22,28,26,211240758
2022-06-25,2,2022,6,26,7,0,204,39850,8374.390213,333719450,3250423,65444364255,0,5,26,21,31,1,187163217
2022-06-26,2,2022,6,27,1,0,203,32337,8245.828927,266645370,3551546,64877130948,0,1,26,23,30,1,29087741
2022-06-27,2,2022,6,27,2,0,204,28682,7802.421728,223789060,3919595,60406640959,1,4,26,24,29,13,176144232
2022-06-28,2,2022,6,27,3,0,204,29809,7507.719816,223797620,3631229,63315957833,0,8,27,25,30,2,279070081
2022-06-29,2,2022,6,27,4,0,204,27680,7671.442197,212345520,3936871,65416483490,4,12,26,24,29,21,340668744
2022-06-30,2,2022,6,27,5,0,201,25901,8116.654183,210229460,3538893,62266421745,16,40,25,23,29,36,181101203
2022-07-01,2,2022,7,27,6,0,203,33261,7981.384204,265468820,3721239,63732597811,10,4,27,22,32,0,194231245
2022-07-02,2,2022,7,27,7,0,204,37950,8549.399736,324449720,3112309,59863221835,0,0,27,22,33,0,195802743
2022-07-03,2,2022,7,28,1,0,203,32391,8306.974159,269071200,3427030,59669886687,0,0,28,23,33,2,33657723
2022-07-04,2,2022,7,28,2,0,204,30147,7671.045875,231259020,3304358,54985430383,0,1,27,23,32,2,186985782
2022-07-05,2,2022,7,28,3,0,204,30304,7600.523363,230326260,3155206,58288221768,0,2,27,24,32,2,269121599
2022-07-06,2,2022,7,28,4,0,204,29923,7735.013535,231454810,3636365,61077113802,0,1,28,24,32,2,202449333
2022-07-07,2,2022,7,28,5,0,204,29675,7555.120472,224198200,4080741,57708143447,0,3,28,25,32,2,176998128
2022-07-08,2,2022,7,28,6,0,204,32558,8134.866392,264854980,4083512,60228756943,3,1,27,24,30,4,198021582
2022-07-09,2,2022,7,28,7,0,204,37862,8609.529872,325974020,3693416,56994020939,0,0,27,23,31,0,190764081
2022-07-10,2,2022,7,29,1,0,203,32145,8461.695754,272001210,4531157,56865751677,0,0,27,23,32,4,29986116
2022-07-11,2,2022,7,29,2,0,204,28918,7825.537382,226298890,3603734,52194510572,1,2,25,23,29,16,180655619
2022-07-12,2,2022,7,29,3,0,204,30471,7663.324801,233509170,4170830,56791967572,1,1,25,23,29,0,276595960
2022-07-13,2,2022,7,29,4,0,203,25255,8120.804593,205090920,4412195,59453277150,0,0,24,23,26,33,186634180
2022-07-14,2,2022,7,29,5,0,204,30497,7716.026494,235315660,3812651,56786570320,2,2,26,23,30,3,191614487
2022-07-15,2,2022,7,29,6,0,204,31690,8250.802461,261467930,3637378,58947938722,1,6,25,21,31,2,182900648
2022-07-16,2,2022,7,29,7,0,204,34983,8641.38896,302301710,4591987,55610792321,0,1,25,21,30,2,223948826
2022-07-17,2,2022,7,30,1,0,202,31297,8309.490047,260062110,4215679,55485953400,0,1,25,21,29,0,29457509
2022-07-18,2,2022,7,30,2,0,204,31003,7622.608135,236323720,3794743,51164696434,1,7,23,21,26,39,168802318
2022-07-19,2,2022,7,30,3,0,203,30584,7561.921593,231273810,3764625,57244944677,0,2,25,22,30,1,266871864
2022-07-20,2,2022,7,30,4,0,203,31302,7701.647818,241076980,3661293,62570092237,1,4,26,22,31,1,180208622
2022-07-21,2,2022,7,30,5,0,202,27211,8220.628422,223691520,3342139,61397263025,1,1,24,22,27,17,186992902
2022-07-22,2,2022,7,30,6,0,204,32748,8361.805912,273832420,3611847,70043572062,0,4,24,21,28,4,186254811
2022-07-23,2,2022,7,30,7,0,204,33935,8854.732872,300485360,3646835,66858974211,0,2,24,21,28,8,212042094
2022-07-24,2,2022,7,31,1,0,204,32516,8506.411305,276594470,4332537,66327796229,0,1,25,22,28,10,32043818
2022-07-25,2,2022,7,31,2,0,205,33769,7955.351654,268644270,4012596,62238579963,1,6,26,23,31,0,208700397
2022-07-26,2,2022,7,31,3,0,205,33115,7972.22437,264000210,3237924,70462532921,1,3,26,22,31,0,280939284
2022-07-27,2,2022,7,31,4,0,206,33957,8108.74665,275348710,3263709,76901903511,1,5,26,22,30,0,219155377
2022-07-28,2,2022,7,31,5,0,206,35424,8140.647019,288374280,3563614,70453213167,1,3,26,22,31,0,222641578
2022-07-29,2,2022,7,31,6,0,206,38663,8428.939813,325888100,3498545,72191570701,5,11,28,24,33,0,499055148
2022-07-30,2,2022,7,31,7,0,206,43761,9148.852403,400362930,4113234,70966227538,0,13,28,24,31,1,257597773
2022-07-31,2,2022,7,32,1,0,204,35327,9713.151697,343136510,3148447,69787835404,4,0,26,25,28,23,43048321
2022-08-01,2,2022,8,32,2,0,205,39333,8821.024585,346957360,3471533,64851108251,17,0,27,25,30,15,228008319
2022-08-02,2,2022,8,32,3,0,206,37011,8643.203912,319893620,3277692,66407089647,0,3,27,25,30,11,341046404
2022-08-03,2,2022,8,32,4,0,206,36772,8524.424562,313460140,3631732,68026158056,0,0,28,25,31,13,261461641
2022-08-04,2,2022,8,32,5,0,206,37285,8500.508515,316941460,4021568,65267130398,0,2,28,25,33,2,255384497
2022-08-05,2,2022,8,32,6,0,206,38553,8620.964905,332364060,3771337,67130316777,1,5,28,25,32,1,246047394
2022-08-06,2,2022,8,32,7,0,205,40321,8795.856998,354657750,4057460,65046135358,0,1,29,26,33,1,259945094
2022-08-07,2,2022,8,33,1,0,205,34163,8849.428329,302323020,3751471,64786378330,0,1,29,26,33,2,43330488
2022-08-08,2,2022,8,33,2,0,206,28775,8682.308601,249833430,3788661,60185651184,1,6,28,26,31,22,225760998
2022-08-09,2,2022,8,33,3,0,205,27320,8633.799048,235875390,3878905,61462315960,1,2,27,25,30,32,268422623
2022-08-10,2,2022,8,33,4,0,205,30329,8257.56141,250443580,3163169,69896602352,1,4,26,24,28,37,188548243
2022-08-11,2,2022,8,33,5,0,204,30436,8338.780392,253799120,3662393,67751415683,0,0,25,24,27,36,188022319
2022-08-12,2,2022,8,33,6,0,206,37233,8403.913464,312902910,3107326,77344545847,0,3,27,23,32,2,201997085
2022-08-13,2,2022,8,33,7,0,207,39904,9333.870539,372458770,4199176,74351440588,0,0,26,23,29,11,230960565
2022-08-14,2,2022,8,34,1,0,206,40176,9222.738949,370532760,4059976,74269539740,0,1,27,25,31,10,37530668
2022-08-15,2,2022,8,34,2,1,206,33362,8786.225946,293126070,3774132,68880743016,1,4,28,25,32,5,202733164
2022-08-16,2,2022,8,34,3,0,207,33582,8080.701864,271366130,4293916,68031016771,0,2,26,23,29,25,314743439
2022-08-17,2,2022,8,34,4,0,206,31143,8073.907138,251445690,3457990,69284764197,0,0,24,22,29,7,254331583
2022-08-18,2,2022,8,34,5,0,207,33081,7884.350836,260822210,3113106,66804541040,1,2,24,20,30,0,205809918
2022-08-19,2,2022,8,34,6,0,208,31522,8440.838779,266072120,3951272,65861390635,0,6,26,21,30,5,218097783
2022-08-20,2,2022,8,34,7,0,208,36853,8850.200526,326156440,3308320,63244744564,0,1,26,23,30,17,218471964
2022-08-21,2,2022,8,35,1,0,207,34630,8518.389547,294991830,3610649,63150191827,0,2,26,22,31,0,31670608
2022-08-22,2,2022,8,35,2,0,208,32319,7812.141465,252480600,3986499,59687131424,0,4,26,21,31,0,195713770
2022-08-23,2,2022,8,35,3,0,208,31374,7846.851533,246187120,3175986,68543853596,0,4,24,22,28,6,285370934
2022-08-24,2,2022,8,35,4,0,208,30894,7843.288664,242310560,3616498,74496987693,0,10,23,20,26,9,199480339
2022-08-25,2,2022,8,35,5,0,208,30601,8010.639195,245133570,3729537,70754345790,0,8,23,19,27,0,188305024
2022-08-26,2,2022,8,35,6,0,209,34927,8376.139949,292553440,4117384,71831886167,4,11,23,18,28,0,333780613
2022-08-27,2,2022,8,35,7,0,209,38637,8707.515335,336432270,3791335,68397458659,0,9,21,17,27,1,214942848
2022-08-28,2,2022,8,36,1,0,208,34865,8458.374875,294901240,3989580,68242350829,0,17,21,14,27,0,34611886
2022-08-29,2,2022,8,36,2,0,209,31581,7782.376112,245775220,3783626,63128910919,2,2,20,17,23,1,185707634
2022-08-30,2,2022,8,36,3,0,208,26894,7993.125604,214967120,3428564,64318582929,1,0,20,19,22,30,274556810
2022-08-31,2,2022,8,36,4,0,208,30485,7720.348368,235354820,4226533,66100945318,30,3,21,19,24,12,216225338
2022-09-01,3,2022,9,36,5,0,208,33133,7648.835904,253428880,5731248,62397718907,4,5,22,18,26,0,191583187
2022-09-02,3,2022,9,36,6,0,208,33866,7778.166598,263415390,3641665,63650379890,1,3,22,18,26,4,217673038
2022-09-03,3,2022,9,36,7,0,208,36251,8287.119804,300416380,3074818,60876649185,0,2,23,20,26,2,220636202
2022-09-04,3,2022,9,37,1,0,206,25059,8367.807574,209688890,3507045,60639398237,0,1,24,21,27,7,35724631
2022-09-05,3,2022,9,37,2,0,204,24669,7797.430784,192354820,3958569,57035664889,0,4,23,20,25,66,246637491
2022-09-06,3,2022,9,37,3,0,209,29395,7334.081306,215585320,3623104,66128709973,1,1,21,17,26,60,289684482
2022-09-07,3,2022,9,37,4,0,207,32546,7151.696983,232759130,3427096,76707901995,0,0,21,15,28,0,242805944
2022-09-08,3,2022,9,37,5,0,209,33607,7856.889934,264046500,3453882,74889337106,1,5,21,14,28,0,263888901
2022-09-09,3,2022,9,37,6,1,209,35795,9087.448247,325285210,4200572,69601284689,0,2,21,16,28,0,325547284
2022-09-10,3,2022,9,37,7,1,202,39552,9633.753287,381034210,4194214,69574338382,0,0,21,17,26,0,25256490
2022-09-11,3,2022,9,38,1,1,201,37467,8815.409827,330286960,3515872,69403673728,0,0,22,18,27,0,4764616
2022-09-12,3,2022,9,38,2,1,205,30697,8011.840245,245939460,3292082,63213355944,0,0,22,19,26,1,195714181
2022-09-13,3,2022,9,38,3,0,208,33803,7199.949117,243379880,3828481,64460442564,0,3,23,20,27,1,307346705
2022-09-14,3,2022,9,38,4,0,208,33213,7174.412429,238283760,3278141,66048216296,0,1,24,20,28,0,203381628
2022-09-15,3,2022,9,38,5,0,207,33124,7360.283782,243802040,3144053,63577122880,2,4,24,20,28,0,211343118
2022-09-16,3,2022,9,38,6,0,208,34052,7627.819511,259742510,3206349,62904268774,5,1,24,21,29,1,199566966
2022-09-17,3,2022,9,38,7,0,207,36700,8127.76812,298289090,3545433,59264196390,0,0,25,22,31,1,215406223
2022-09-18,3,2022,9,39,1,0,208,29971,7966.895666,238775830,3861104,58822987401,0,0,26,23,31,2,31512625
2022-09-19,3,2022,9,39,2,0,208,30776,7283.384455,224153440,3575160,54431042623,3,5,24,18,28,7,181862834
2022-09-20,3,2022,9,39,3,0,208,31898,7227.650009,230547580,3771175,61242295431,2,5,18,14,23,0,246666266
2022-09-21,3,2022,9,39,4,0,208,32164,7129.7121,229320060,3446085,66452413854,0,4,17,12,23,0,186813294
2022-09-22,3,2022,9,39,5,0,208,32735,7196.785092,235586760,3412741,64769832078,1,5,18,11,24,0,174765030
2022-09-23,3,2022,9,39,6,0,209,32858,7908.992331,259873670,3159481,68927364992,0,12,18,13,25,0,180065888
2022-09-24,3,2022,9,39,7,0,209,36538,8377.870163,306110620,3195865,65976657986,0,4,17,11,24,0,195016051
2022-09-25,3,2022,9,40,1,0,208,31082,7975.896017,247906800,3844246,65624454746,0,6,18,14,23,0,28144058
2022-09-26,3,2022,9,40,2,0,209,32346,7091.013108,229365910,4681816,62300166109,2,26,18,14,23,0,197837474
2022-09-27,3,2022,9,40,3,0,210,33071,7160.461431,236803620,3708446,63361690194,2,0,19,13,26,0,279944535
2022-09-28,3,2022,9,40,4,0,210,32990,7161.939982,236272400,3624699,65588805106,0,0,18,14,25,0,307694272
2022-09-29,3,2022,9,40,5,0,211,33685,7241.181832,243919210,3703673,65486117256,1,2,19,14,26,0,193383954
2022-09-30,3,2022,9,40,6,0,210,34583,7844.189631,271275610,3463214,71439477043,96,5,19,13,28,0,244719201
2022-10-01,3,2022,10,40,7,0,210,40671,8624.56689,350769760,3766315,68638378728,2,2,19,12,28,0,212293498
2022-10-02,3,2022,10,41,1,0,210,36663,8810.101737,323004760,3336790,68204783999,0,1,20,14,25,3,30409391
2022-10-03,3,2022,10,41,2,1,211,27993,8352.757475,233818740,3798164,62749224193,1,3,23,19,26,19,208208452
2022-10-04,3,2022,10,41,3,0,210,28397,7508.197345,213210280,3975954,62672191963,2,1,19,15,24,31,286066332
2022-10-05,3,2022,10,41,4,0,211,30152,7356.8158,221822710,3514381,67024737317,0,1,16,14,20,3,178072991
2022-10-06,3,2022,10,41,5,0,211,29654,7286.356647,216069620,4005850,64490675674,1,3,16,13,20,4,190147525
2022-10-07,3,2022,10,41,6,0,211,29612,8264.841618,244738490,3943221,69496158674,1,2,15,12,19,2,227867535
2022-10-08,3,2022,10,41,7,0,211,36276,8972.979932,325503820,3718770,67816323685,0,0,15,9,21,0,181819935
2022-10-09,3,2022,10,42,1,1,207,33077,9091.003416,300703120,3543008,67496256666,0,1,14,11,16,8,26446955
2022-10-10,3,2022,10,42,2,1,211,26723,8417.421322,224938750,4138079,62330674138,0,1,11,9,15,3,183442251
2022-10-11,3,2022,10,42,3,0,211,31325,7315.303751,229151890,4090177,61404819094,1,1,12,8,18,0,284144833
2022-10-12,3,2022,10,42,4,0,211,31612,7353.600848,232462030,3710995,65275731430,3,4,13,6,21,0,175736124
2022-10-13,3,2022,10,42,5,0,212,32007,7237.373387,231646610,3599614,63039835320,2,2,15,9,22,0,180807111
2022-10-14,3,2022,10,42,6,0,212,32771,7812.391444,256019880,3578521,63301229096,4,3,15,10,22,0,187461652
2022-10-15,3,2022,10,42,7,0,211,36426,8297.38456,302240530,3393156,60437657896,0,5,17,11,24,0,205614417
2022-10-16,3,2022,10,43,1,0,210,31228,8136.305239,254080540,4339078,60314153664,0,0,17,13,22,0,29922322
2022-10-17,3,2022,10,43,2,0,211,30960,7463.817183,231079780,4057275,56584193730,0,4,13,8,18,0,171068390
2022-10-18,3,2022,10,43,3,0,212,31009,7225.960528,224069810,3892840,58771291941,0,1,9,4,15,0,262313078
2022-10-19,3,2022,10,43,4,0,212,30522,7331.313151,223766340,3657676,60760489769,0,5,9,3,17,0,198636535
2022-10-20,3,2022,10,43,5,0,212,31148,7593.557532,236524130,4417942,60458407345,1,4,11,3,20,0,187260136
2022-10-21,3,2022,10,43,6,0,212,32444,8004.792874,259707500,3916127,60089631920,2,4,13,7,20,0,199573769
2022-10-22,3,2022,10,43,7,0,211,36241,8411.823901,304852910,3539175,59630832324,0,7,15,10,22,0,279225105
2022-10-23,3,2022,10,44,1,0,210,28104,8585.45723,241285690,3716937,59515571528,0,3,13,9,19,2,32917558
2022-10-24,3,2022,10,44,2,0,214,29818,7429.887316,221544380,4038734,59401488365,0,32,10,5,15,1,329080830
2022-10-25,3,2022,10,44,3,0,214,31031,7364.902517,228540290,3967522,59803959028,1,0,9,3,16,0,251288669
2022-10-26,3,2022,10,44,4,0,214,31403,7506.238894,235718420,3508839,59951482897,0,3,11,4,19,0,168340227
2022-10-27,3,2022,10,44,5,0,214,31917,7259.351129,231696710,4103809,59835910487,5,1,13,7,20,1,198403019
2022-10-28,3,2022,10,44,6,0,214,30853,8064.426474,248811750,3989996,72918363150,1,0,12,6,20,1,235196850
2022-10-29,3,2022,10,44,7,0,213,33746,8651.981568,291969770,4634293,70371650337,2,0,13,8,20,0,186114062
2022-10-30,3,2022,10,45,1,0,212,29055,8130.434349,236229770,4268500,69837765571,0,0,13,7,19,0,27157578
2022-10-31,3,2022,10,45,2,0,214,30667,7352.324975,225473750,4255015,64692164483,76,1,13,8,19,0,160005286
2022-11-01,3,2022,11,45,3,0,214,30925,7171.244301,221770730,4372067,65344470850,3,3,12,7,20,0,228194103
2022-11-02,3,2022,11,45,4,0,213,29898,7304.256806,218382670,3826803,66135972539,1,2,11,5,19,0,191996052
2022-11-03,3,2022,11,45,5,0,214,29377,7411.399394,217724680,3582302,67804725630,0,4,10,4,17,0,188647022
2022-11-04,3,2022,11,45,6,0,214,29632,8084.506952,239560110,3642812,71042198823,2,3,7,3,12,0,190785657
2022-11-05,3,2022,11,45,7,0,212,31804,8596.135392,273391490,3477914,68570276551,0,0,6,0,14,0,189446471
2022-11-06,3,2022,11,46,1,0,210,27616,8153.688441,225172260,3730341,68179948833,0,1,8,1,16,0,25210359
2022-11-07,3,2022,11,46,2,0,213,29397,7363.490832,216464540,4168485,66687011076,2,1,9,2,17,0,155189358
2022-11-08,3,2022,11,46,3,0,214,30115,7241.939233,218091000,3816014,70111899356,0,2,10,4,19,0,265951707
2022-11-09,3,2022,11,46,4,0,214,29248,7443.475109,217706760,4129257,71822791868,0,2,10,4,18,0,175972839
2022-11-10,3,2022,11,46,5,0,215,30969,7595.027608,235210410,3876544,68173267043,0,5,12,6,20,0,169685900
2022-11-11,3,2022,11,46,6,0,214,33508,8294.474185,277931241,13285904,69918013147,1,3,13,7,21,0,173988534
2022-11-12,3,2022,11,46,7,0,213,32875,8631.731559,283768175,4028369,66388479404,1,1,16,9,22,13,185301150
2022-11-13,3,2022,11,47,1,0,211,24743,8676.898719,214692505,3903655,66020873675,0,1,13,10,19,11,24081785
2022-11-14,3,2022,11,47,2,0,215,28405,7384.507657,209756940,11231448,60797112008,1,7,10,6,14,0,165171325
2022-11-15,3,2022,11,47,3,0,214,28205,7357.544052,207519530,7743265,63195854518,4,5,8,3,14,1,251895029
2022-11-16,3,2022,11,47,4,0,215,28394,7261.812355,206191900,3952319,65935225973,0,3,9,4,15,0,175580178
2022-11-17,3,2022,11,47,5,0,214,29268,7341.924969,214883460,3605180,63285560497,1,3,9,4,16,0,181696495
2022-11-18,3,2022,11,47,6,0,215,30469,8142.770685,248102080,4553824,64918439782,0,11,9,2,18,0,177639069
2022-11-19,3,2022,11,47,7,0,214,32763,8582.157617,281177230,3496413,61755240229,0,5,11,4,18,0,191641474
2022-11-20,3,2022,11,48,1,0,213,27779,8290.473019,230301050,3789194,61345327012,0,4,12,7,18,0,29447302
2022-11-21,3,2022,11,48,2,0,215,29112,7342.040739,213741490,4046209,65206895946,0,6,11,5,18,0,179867954
2022-11-22,3,2022,11,48,3,0,214,28664,7195.785654,206260000,4403652,75483112782,0,20,11,7,15,7,250599787
2022-11-23,3,2022,11,48,4,0,215,28322,7401.356543,209621220,3535906,71877400532,1,1,11,6,16,3,183079211
2022-11-24,3,2022,11,48,5,0,216,30800,7673.654545,236348560,3779416,70406675159,0,2,8,4,15,0,298272957
2022-11-25,3,2022,11,48,6,0,216,29461,7974.567734,234938740,3833515,73948492578,0,2,10,2,17,0,182844173
2022-11-26,3,2022,11,48,7,0,215,30553,8798.265309,268813400,4281804,73680582443,0,0,9,2,15,0,200291331
2022-11-27,3,2022,11,49,1,0,213,26663,8083.566928,215532145,3855057,73351506222,2,0,6,-1,14,0,25479511
2022-11-28,3,2022,11,49,2,0,215,28681,7944.300059,227850470,4312696,68635179526,0,0,11,4,16,16,156136404
2022-11-29,3,2022,11,49,3,0,215,28119,7195.04392,202317440,4104695,73288616686,3,1,10,4,16,11,247195373
2022-11-30,3,2022,11,49,4,0,216,26125,7547.069474,197167190,3602744,71320895240,23,0,-2,-4,4,0,189123018
2022-12-01,4,2022,12,49,5,0,215,26497,7542.488584,199853320,3517726,68501433197,8,2,-3,-6,2,0,168554293
2022-12-02,4,2022,12,49,6,0,214,28168,8776.975291,247229840,3623304,68898793353,1,3,-1,-6,4,0,197626133
2022-12-03,4,2022,12,49,7,0,213,26310,8897.13455,234083610,3477636,66378006332,0,1,3,-3,8,0,179003458
2022-12-04,4,2022,12,50,1,0,211,23301,8370.035192,195030190,3908095,65991036181,0,1,1,-2,5,0,25286044
2022-12-05,4,2022,12,50,2,0,215,26746,7741.547147,207055420,4189514,61376681606,1,3,-1,-4,4,0,162589953
2022-12-06,4,2022,12,50,3,0,214,25567,7303.468534,186727780,3786691,62994042607,0,1,1,-5,6,0,222573604
2022-12-07,4,2022,12,50,4,0,215,25846,7688.463205,198716020,3491854,65212274872,0,0,4,-1,9,0,165796746
2022-12-08,4,2022,12,50,5,0,215,26821,7370.048097,197672060,3663916,62472059714,0,0,4,-2,11,0,146812704
2022-12-09,4,2022,12,50,6,0,216,27366,8432.52832,230764570,3660668,63770731761,0,3,4,-1,11,0,155928145
2022-12-10,4,2022,12,50,7,0,214,29429,8801.493425,259019150,3879924,60885109077,0,2,3,-2,8,0,206108750
2022-12-11,4,2022,12,51,1,0,213,25110,8280.700916,207928400,3620149,60492407923,0,0,2,-2,9,0,25980817
2022-12-12,4,2022,12,51,2,0,214,27178,7579.570977,205997580,3894198,55981816370,0,4,2,-3,8,1,159089861
2022-12-13,4,2022,12,51,3,0,216,26144,7696.114596,201207220,3624303,57812414735,1,2,3,-2,6,2,252192844
2022-12-14,4,2022,12,51,4,0,216,24702,7718.939762,190673250,3310253,61369773958,1,2,-5,-9,-1,0,186614034
2022-12-15,4,2022,12,51,5,0,216,25799,7945.006977,204973235,3226644,58452250392,0,9,-2,-9,4,1,168837376
2022-12-16,4,2022,12,51,6,0,216,26462,8516.341168,225359420,4259445,61465972434,1,3,-2,-6,1,0,169282385
2022-12-17,4,2022,12,51,7,0,209,26737,8892.864944,237768530,4393193,59059959876,0,4,-5,-9,0,1,185891753
2022-12-18,4,2022,12,52,1,0,211,22068,8822.2118,194688570,3731482,58724945895,0,3,-8,-11,-3,1,26259980
2022-12-19,4,2022,12,52,2,0,215,23599,8068.217721,190401870,4249913,55046422643,0,5,-5,-11,1,0,161232711
2022-12-20,4,2022,12,52,3,0,216,24893,7918.878801,197124650,4093769,57550415521,1,26,-2,-9,4,0,230652568
2022-12-21,4,2022,12,52,4,0,217,23827,8221.08994,195883910,4065287,62966329947,0,2,1,-2,4,5,178101440
2022-12-22,4,2022,12,52,5,0,217,23821,8042.75891,191586560,4083248,61412020576,1,8,-4,-8,1,2,160637266
2022-12-23,4,2022,12,52,6,0,218,24579,8853.286139,217604920,3988741,65468503431,3,4,-8,-10,-5,2,184876967
2022-12-24,4,2022,12,52,7,0,216,27885,9294.67097,259181900,4687352,64667898460,2,0,-7,-12,-1,0,184169764
2022-12-25,4,2022,12,53,1,1,214,23886,8982.270368,214550510,4431391,64179393610,0,1,-4,-10,3,0,23988704
2022-12-26,4,2022,12,53,2,0,219,24959,8185.879643,204311370,5114887,60046724934,0,3,-4,-9,3,0,155456393
2022-12-27,4,2022,12,53,3,0,220,25181,7937.210198,199866890,4263715,71154400744,0,2,-2,-8,5,0,255540689
2022-12-28,4,2022,12,53,4,0,219,25420,8205.141227,208574690,3732723,73782522568,2,1,-2,-6,3,0,178955042
2022-12-29,4,2022,12,53,5,0,220,26587,8217.744762,218485180,4017803,72671079705,0,2,-3,-8,3,0,198170282
2022-12-30,4,2022,12,53,6,0,219,29150,8827.132075,257310900,4340608,81221837941,13,4,-1,-6,4,0,183626157
2022-12-31,4,2022,12,53,7,0,219,32538,9637.461737,313583730,4320210,76779523152,41,1,-1,-6,4,0,208552098
2023-01-01,4,2023,1,1,1,1,219,28578,9001.817482,257253940,5213054,76784535013,2,1,0,-5,6,0,27295068
2023-01-02,4,2023,1,1,2,0,221,24071,8133.618462,195784330,4598984,71865398195,1,4,-2,-6,3,0,154648433
2023-01-03,4,2023,1,1,3,0,222,24349,7861.671937,191423850,4332480,71462225208,0,1,-3,-8,3,0,247724569
2023-01-04,4,2023,1,1,4,0,222,23803,7946.316851,189146180,3973844,70278546302,0,4,-2,-7,5,0,172893561
2023-01-05,4,2023,1,1,5,0,221,24722,8034.022328,198617100,4335491,66827809346,1,3,-1,-6,6,0,161514854
2023-01-06,4,2023,1,1,6,0,221,26360,8756.98786,230834200,3873612,66537383869,2,0,1,-5,7,1,165937258
2023-01-07,4,2023,1,1,7,0,221,27480,9114.217613,250458700,3892819,63596986037,0,0,2,-2,6,1,169638199
2023-01-08,4,2023,1,2,1,0,218,24108,8502.649743,204981880,4056589,63554901958,0,0,1,-5,8,0,26282364
2023-01-09,4,2023,1,2,2,0,220,24628,8126.17874,200131530,4212697,58994028454,0,6,3,-2,10,0,171008360
2023-01-10,4,2023,1,2,3,0,221,25440,7965.032626,202630430,3853993,60738482821,1,5,1,-5,9,0,230218699
2023-01-11,4,2023,1,2,4,0,222,25815,8091.578152,208884090,3940091,67625558908,1,4,3,-3,11,0,180874731
2023-01-12,4,2023,1,2,5,0,222,26367,7900.0512,208300650,3557947,65552774160,1,3,5,-3,14,1,169770126
2023-01-13,4,2023,1,2,6,0,222,25332,8933.946787,226314740,3975387,80348633069,1,6,10,6,13,29,184642109
2023-01-14,4,2023,1,2,7,0,221,25699,9414.249193,241936790,3993745,78170247562,0,1,7,4,10,4,182567056
2023-01-15,4,2023,1,3,1,0,220,21948,9211.232003,202168120,4017441,78140398780,0,1,2,-1,5,4,25279497
2023-01-16,4,2023,1,3,2,0,222,22887,8260.285752,189053160,3991381,73865091980,0,4,-2,-6,1,0,158590400
2023-01-17,4,2023,1,3,3,0,222,23442,8060.39843,188951860,4183112,74804268754,1,11,-2,-7,2,0,234437315
2023-01-18,4,2023,1,3,4,0,223,23563,8030.428638,189220990,3800926,79668891318,0,4,-1,-5,4,0,316471983
2023-01-19,4,2023,1,3,5,0,224,23381,7983.363415,186659020,4113328,77708643160,0,8,0,-6,5,0,255205616
2023-01-20,4,2023,1,3,6,0,224,24569,8946.5603,219808040,4640259,75364207618,1,8,-1,-6,4,0,241422852
2023-01-21,4,2023,1,3,7,1,222,26589,9627.195081,255977490,4993995,71358841205,1,4,-4,-9,3,0,211946618
2023-01-22,4,2023,1,4,1,1,214,30311,10376.39768,314518990,4842607,71316451086,0,0,0,-5,4,0,19402074
2023-01-23,4,2023,1,4,2,1,216,28825,9575.797051,276022350,4639136,66643789647,0,0,1,-4,8,0,137400306
2023-01-24,4,2023,1,4,3,1,221,20746,9067.093898,188105930,4079202,63329734424,0,0,-10,-13,-1,0,188250516
2023-01-25,4,2023,1,4,4,0,223,22646,8650.649563,195902610,4527485,72884651136,0,0,-10,-16,-4,0,154320896
2023-01-26,4,2023,1,4,5,0,224,23896,8051.02151,192387210,4000242,73231516634,1,0,-5,-11,0,0,150896380
2023-01-27,4,2023,1,4,6,0,224,24255,8596.577201,208509980,3708837,71606025896,0,2,-5,-9,-1,0,147723625
2023-01-28,4,2023,1,4,7,0,223,26109,9205.797618,240354170,4080831,69229260540,0,0,-5,-11,0,0,208823818
2023-01-29,4,2023,1,5,1,0,220,23351,8501.842319,198526520,3914673,69406691883,0,1,-1,-8,5,0,23952859
2023-01-30,4,2023,1,5,2,0,223,24390,8175.234112,199393960,4444699,39110855280,1,0,-1,-6,5,0,165787492
2023-01-31,4,2023,1,5,3,0,223,24870,7874.502614,195838880,4131844,64534967926,29,2,1,-7,9,0,202010720
2023-02-01,4,2023,2,5,4,0,225,24508,8015.871144,196452970,4144746,66268411721,4,1,3,-2,9,0,157727340
2023-02-02,4,2023,2,5,5,0,225,24758,7948.87188,196798170,4046652,63549993298,1,1,-1,-5,4,0,171254679
2023-02-03,4,2023,2,5,6,0,225,26386,8541.511787,225376330,3784837,65177499621,0,3,0,-4,6,0,181657961
2023-02-04,4,2023,2,5,7,0,225,29834,8980.333177,267919260,3645149,62417120182,0,1,-1,-6,6,0,188866717
2023-02-05,4,2023,2,6,1,0,221,25256,8476.714444,214087900,3686719,62376754470,0,2,0,-7,8,0,26038748
2023-02-06,4,2023,2,6,2,0,226,25414,7968.365861,202508050,4358187,58105027534,0,3,2,-5,10,0,172174611
2023-02-07,4,2023,2,6,3,0,226,24471,7927.937967,194004570,4100394,59833730603,1,1,3,-3,11,0,244276938
2023-02-08,4,2023,2,6,4,0,226,25241,7944.861535,200536250,4839951,62102131471,0,6,2,-3,10,0,173037165
2023-02-09,4,2023,2,6,5,0,225,25471,7784.916179,198289600,4309635,58787435023,1,2,3,-4,10,2,163618715
2023-02-10,4,2023,2,6,6,0,226,26975,8517.96886,229772210,4159051,64548560131,2,3,3,0,8,8,178258851
2023-02-11,4,2023,2,6,7,0,225,31277,9148.232247,286129260,4225999,61464003751,0,2,2,-2,8,0,163364160
2023-02-12,4,2023,2,7,1,0,222,26193,8775.899286,229867130,4852995,61499855071,0,0,3,-2,8,1,24503035
2023-02-13,4,2023,2,7,2,0,225,25366,8333.78617,211394820,4141163,61667446317,1,3,5,3,9,1,159566154
2023-02-14,4,2023,2,7,3,0,225,26377,8279.857035,218397789,4294976,61887014650,0,4,2,-1,7,0,251344371
2023-02-15,4,2023,2,7,4,0,223,25042,8105.132178,202968720,3929441,64199804582,0,6,2,-1,6,1,224615287
2023-02-16,4,2023,2,7,5,0,225,25810,8058.929097,208000960,3877010,61712272750,0,1,3,-2,7,0,217780636
2023-02-17,4,2023,2,7,6,0,227,28484,8518.154402,242631110,3989797,63421076507,1,10,3,-2,9,0,190049528
2023-02-18,4,2023,2,7,7,0,226,31126,9126.898734,284083850,4541445,61212010174,0,8,6,3,9,1,195390771
2023-02-19,4,2023,2,8,1,0,225,26068,8539.413457,222605430,4035500,61173662868,0,6,5,0,9,1,28545528
2023-02-20,4,2023,2,8,2,0,228,25776,8112.598153,209110330,4764122,57051475968,3,29,1,-4,6,0,160989395
2023-02-21,4,2023,2,8,3,0,226,25840,8012.116486,207033090,4108512,62003137082,1,0,-1,-7,5,0,255492123
2023-02-22,4,2023,2,8,4,0,226,26533,7827.818189,207695500,4658953,66246975607,0,1,2,-6,9,0,180009823
2023-02-23,4,2023,2,8,5,0,226,26619,7910.084902,210558550,4237053,64697581767,0,1,5,-1,11,0,194276309
2023-02-24,4,2023,2,8,6,0,226,29021,8633.741084,250559800,4664746,68820759379,1,3,4,0,11,0,205276503
2023-02-25,4,2023,2,8,7,0,228,31376,9092.912736,285299230,3799242,68047773123,0,2,1,-4,7,1,279414707
2023-02-26,4,2023,2,9,1,0,224,29047,8626.208214,250565470,4314412,68281771003,0,2,2,-6,10,0,28425907
2023-02-27,4,2023,2,9,2,0,228,29216,8062.941881,235566910,4704996,65757242380,4,4,4,-5,14,0,188311070
2023-02-28,4,2023,2,9,3,0,229,30033,8201.193687,246306450,4398593,66729382536,27,3,6,-2,14,0,276932106
2023-03-01,1,2023,3,9,4,1,226,26455,8146.489132,215515370,3551459,62741504089,6,4,7,3,12,0,191946505
2023-03-02,1,2023,3,9,5,0,226,29152,7312.5861,213176510,4283834,68316038083,0,3,3,-2,7,0,207869477
2023-03-03,1,2023,3,9,6,0,226,29341,7946.032173,233144530,4252841,72425085786,0,3,4,-4,12,0,204267520
2023-03-04,1,2023,3,9,7,0,226,31780,8427.07489,267812440,4301945,71220949682,1,0,6,0,14,0,197879292
2023-03-05,1,2023,3,10,1,0,226,26867,8020.776045,215494190,4462501,71171198558,0,2,7,-1,16,0,28203258
2023-03-06,1,2023,3,10,2,0,227,29842,7252.998123,216443970,4353071,66101644101,0,3,8,0,17,0,202618936
2023-03-07,1,2023,3,10,3,0,227,30722,7231.529848,222167060,5004381,68603181258,1,4,11,3,20,0,252339311
2023-03-08,1,2023,3,10,4,0,228,29446,7293.514909,214764840,3964617,69564558092,0,3,12,5,20,0,173904612
2023-03-09,1,2023,3,10,5,0,228,30444,7068.851662,215204120,4060088,66229732965,1,0,12,6,19,0,178343306
2023-03-10,1,2023,3,10,6,0,229,32459,7772.704643,252294220,4076033,66011756280,0,2,12,3,22,0,193191822
2023-03-11,1,2023,3,10,7,0,227,33948,8506.574467,288781190,4193396,62332387736,1,3,14,6,22,0,182729286
2023-03-12,1,2023,3,11,1,0,226,24449,8665.665671,211866860,4162425,62268763186,0,0,7,1,15,8,28765697
2023-03-13,1,2023,3,11,2,0,229,29655,7418.061372,219982610,4578093,57068963872,0,5,4,-2,9,0,198093423
2023-03-14,1,2023,3,11,3,0,228,32242,7245.966007,233624436,4136005,64748542568,2,5,8,0,16,0,252039915
2023-03-15,1,2023,3,11,4,0,228,30606,7241.870548,221644690,4370777,64393301387,1,5,11,3,19,0,201403037
2023-03-16,1,2023,3,11,5,0,229,30370,7136.157392,216725100,4458519,61768366288,2,2,7,2,13,0,186137119
2023-03-17,1,2023,3,11,6,0,231,31221,7877.48951,245943100,5423001,63231219048,1,8,7,2,12,0,190485579
2023-03-18,1,2023,3,11,7,0,229,33756,8433.253644,284672910,4250890,60156950000,1,5,9,4,15,0,193481007
2023-03-19,1,2023,3,12,1,0,229,29411,7802.145116,229468890,4113323,60101267607,0,2,8,1,16,0,29289238
2023-03-20,1,2023,3,12,2,0,229,32063,7147.188348,229160300,4578678,54902488574,1,24,9,1,18,0,179632326
2023-03-21,1,2023,3,12,3,0,228,32582,6948.364127,226391600,3958538,60385201085,0,0,13,5,21,0,262597229
2023-03-22,1,2023,3,12,4,0,229,32913,7012.510558,230802760,4011593,64493848952,0,0,15,6,22,1,193502288
2023-03-23,1,2023,3,12,5,0,228,31341,7241.99866,226971480,3989761,62209886087,2,0,14,11,18,17,179785666
2023-03-24,1,2023,3,12,6,0,229,32131,7901.40643,253880090,4377084,65669434520,1,1,10,7,14,2,201512815
2023-03-25,1,2023,3,12,7,0,229,33510,8665.378395,290376830,4485248,63679178294,0,1,10,7,13,0,197064746
2023-03-26,1,2023,3,13,1,0,227,28761,7989.300094,229780260,3965512,63581077525,0,0,9,4,15,0,29149418
2023-03-27,1,2023,3,13,2,0,229,31252,7159.935044,223762290,4558537,59637267416,1,2,7,1,14,0,209766256
2023-03-28,1,2023,3,13,3,0,229,32002,7163.825073,229256730,4058936,64241638172,2,1,9,0,17,0,259978328
2023-03-29,1,2023,3,13,4,0,230,32068,7088.390919,227310520,4125933,68624377517,1,0,11,2,20,0,212447615
2023-03-30,1,2023,3,13,5,0,229,34119,7117.625956,242846280,3754616,68287385461,1,2,13,4,22,0,256186589
2023-03-31,1,2023,3,13,6,0,234,35639,7760.399282,276572870,4555182,68329391603,27,13,14,5,23,0,203982809
2023-04-01,1,2023,4,13,7,0,233,38997,8368.487832,326345920,4035669,64766262864,10,1,14,5,23,0,221586672
2023-04-02,1,2023,4,14,1,0,231,33068,7942.337607,262637220,4485759,64572284991,0,1,14,7,22,0,31649909
2023-04-03,1,2023,4,14,2,0,232,34298,7138.65065,244841440,3994491,61107943964,3,3,14,6,22,0,217521645
2023-04-04,1,2023,4,14,3,0,232,33300,7073.846547,235559090,4148270,64599521668,1,0,15,9,21,6,297147885
2023-04-05,1,2023,4,14,4,0,232,29766,7253.513741,215908090,5559792,67808297709,0,2,13,10,16,32,208355025
2023-04-06,1,2023,4,14,5,0,233,33039,7076.65804,233805705,6018139,64394356054,1,4,10,8,13,3,194473539
2023-04-07,1,2023,4,14,6,0,234,34597,7778.525306,269113640,5530972,66123320596,1,2,10,5,16,1,200744524
2023-04-08,1,2023,4,14,7,0,232,36492,8398.527348,306479060,5259616,64977531611,0,1,8,1,15,0,207907361
2023-04-09,1,2023,4,15,1,0,229,32468,7845.383762,254723920,6070814,69511354072,0,1,10,2,19,0,30000849
2023-04-10,1,2023,4,15,2,0,231,34156,7340.14141,250709870,6612391,60117068400,1,2,13,4,20,0,196244190
2023-04-11,1,2023,4,15,3,0,228,30901,7143.890165,220753350,3983602,66646949723,0,3,15,9,21,2,259816343
2023-04-12,1,2023,4,15,4,0,230,33289,7257.948572,241609850,4725226,69653720779,1,5,11,5,18,0,220581047
2023-04-13,1,2023,4,15,5,0,231,33636,7195.622845,242031970,5142498,63527176489,1,5,13,3,21,0,203564546
2023-04-14,1,2023,4,15,6,0,233,35348,7855.123062,277662890,3863430,66126592856,1,7,14,8,20,2,202560771
2023-04-15,1,2023,4,15,7,0,231,33165,8735.760591,289721500,4282140,62468179680,1,5,12,8,17,3,233657023
2023-04-16,1,2023,4,16,1,0,230,29498,8171.388908,241039630,4450547,62273341581,0,1,10,6,16,1,33734859
2023-04-17,1,2023,4,16,2,0,232,33049,7099.924657,234645410,4390289,57226554679,2,12,12,4,19,0,240760557
2023-04-18,1,2023,4,16,3,0,235,31667,7145.530047,226277500,4628395,59802096669,0,4,15,11,18,2,261328183
2023-04-19,1,2023,4,16,4,0,234,34928,7015.379638,245033180,4079288,61952338786,1,4,17,12,24,0,213404266
2023-04-20,1,2023,4,16,5,0,235,34613,7225.024991,250079790,4588113,61839189336,2,20,19,14,25,0,200610616
2023-04-21,1,2023,4,16,6,0,236,35507,7736.55927,274702010,4382697,65948060597,2,1,16,11,22,0,199710565
2023-04-22,1,2023,4,16,7,0,234,38451,8165.952511,313989040,5506913,63266484846,0,0,14,9,20,0,213543314
2023-04-23,1,2023,4,17,1,0,232,33658,7718.026621,259773340,4091254,62564834153,0,0,14,8,19,0,32223779
2023-04-24,1,2023,4,17,2,0,233,33550,7074.603875,237352960,5329513,58179777582,1,1,13,9,17,0,206176594
2023-04-25,1,2023,4,17,3,0,235,31353,7263.498549,227732470,4609721,63085768303,0,2,9,7,12,4,271420943
2023-04-26,1,2023,4,17,4,0,235,32731,7268.126852,237893060,4281659,68472347972,0,4,10,5,16,0,197333162
2023-04-27,1,2023,4,17,5,0,235,34721,7179.962559,249295480,4778345,66995816968,0,3,12,3,21,0,197574473
2023-04-28,1,2023,4,17,6,0,236,36354,7873.262365,286224580,4871594,70551027107,2,9,16,7,23,0,236729830
2023-04-29,1,2023,4,17,7,0,234,34904,9043.326839,315648280,4616691,68523966049,0,0,14,10,19,9,261346961
2023-04-30,1,2023,4,18,1,0,233,38768,8289.746182,321376880,4758706,68377255451,12,0,14,7,20,0,31931128
2023-05-01,1,2023,5,18,2,1,234,34903,7697.299946,268658860,4849968,62059730942,13,2,14,8,21,0,220702316
2023-05-02,1,2023,5,18,3,0,236,34398,7064.302285,242997870,4456012,63842439607,1,1,15,6,24,0,295500293
2023-05-03,1,2023,5,18,4,0,234,35668,7251.081081,258631560,3994967,79071673748,2,2,18,11,24,0,236453622
2023-05-04,1,2023,5,18,5,0,235,37980,7733.367825,293713310,4542771,77335399312,1,1,18,14,23,10,262187102
2023-05-05,1,2023,5,18,6,1,235,32559,9413.922418,306507900,3992311,73443539522,1,2,18,16,21,63,246647428
2023-05-06,1,2023,5,18,7,0,233,31085,9263.817919,287965780,4566769,65949160992,1,1,14,11,18,33,229455499
2023-05-07,1,2023,5,19,1,0,233,30467,8165.695014,248784230,4829486,69700690684,0,1,12,8,15,2,32606069
2023-05-08,1,2023,5,19,2,0,237,34990,7079.503287,247711820,5040982,65145107810,0,3,13,5,21,0,199800878
2023-05-09,1,2023,5,19,3,0,236,35886,7116.075907,255367500,4998166,63759466414,0,1,16,7,24,0,260331471
2023-05-10,1,2023,5,19,4,0,238,36258,7183.469855,260458250,4177191,61919587917,3,5,17,9,25,0,206599191
2023-05-11,1,2023,5,19,5,0,237,36025,7236.82526,260706630,4354554,58971975246,0,2,17,10,24,0,224085144
2023-05-12,1,2023,5,19,6,0,238,36306,7717.922107,280206880,4225520,66634667678,3,2,17,10,24,0,202134006
2023-05-13,1,2023,5,19,7,0,237,39403,8251.978783,325152720,4444006,63701437631,0,6,17,12,22,1,217145218
2023-05-14,1,2023,5,20,1,0,233,34271,7957.183333,272700630,3965067,63547316555,0,0,17,11,24,0,32760872
2023-05-15,1,2023,5,20,2,0,236,35913,7081.677944,254324300,4495602,60135012979,2,4,19,11,27,0,197845515
2023-05-16,1,2023,5,20,3,0,236,38017,7064.137886,268557330,4788603,64195136503,1,7,22,14,30,0,285768143
2023-05-17,1,2023,5,20,4,0,238,37691,7082.626622,266951280,4848881,67903668016,0,5,22,15,29,0,217988448
2023-05-18,1,2023,5,20,5,0,235,34795,7317.387843,254608510,4516231,65520731596,1,5,18,16,22,9,231182575
2023-05-19,1,2023,5,20,6,0,237,36365,7793.219029,283400410,4634757,69119616755,0,9,19,15,23,1,218779187
2023-05-20,1,2023,5,20,7,0,237,40436,8345.04637,337440295,4240001,66566314219,0,26,19,13,26,0,233843813
2023-05-21,1,2023,5,21,1,0,235,34505,7812.58948,269573400,4418013,66401768864,0,0,19,15,24,0,32188185
2023-05-22,1,2023,5,21,2,0,236,35237,7152.485172,252032120,4865263,61452952212,0,0,17,13,22,1,216291958
2023-05-23,1,2023,5,21,3,0,236,35415,7063.085698,250139180,4135944,65347781907,0,0,17,11,25,0,301415026
2023-05-24,1,2023,5,21,4,0,237,36188,7087.556372,256484490,4485606,70737691572,0,2,18,11,25,0,215633019
2023-05-25,1,2023,5,21,5,0,236,37042,7206.603315,266947000,4439274,69533956750,1,2,20,14,26,0,213634315
2023-05-26,1,2023,5,21,6,0,237,38455,7881.064881,303066350,4452832,74970222171,2,0,20,15,25,0,218922579
2023-05-27,1,2023,5,21,7,0,235,40369,9293.06448,375151720,4295535,71644598718,0,0,21,18,24,5,265042779
2023-05-28,1,2023,5,22,1,0,235,34908,9138.727799,319014710,4844267,71566923221,0,1,20,19,22,22,35734446
2023-05-29,1,2023,5,22,2,1,235,33430,7826.700568,261646600,4638449,66420697929,0,1,21,18,23,39,216502347
2023-05-30,1,2023,5,22,3,0,238,35204,7128.878537,250965040,4365899,66294961825,3,1,20,17,24,6,315796180
2023-05-31,1,2023,5,22,4,0,236,36039,7210.290796,259851670,4553238,70853247584,9,0,20,15,26,0,208952941
2023-06-01,2,2023,6,22,5,0,237,36196,7203.756769,260747180,4202394,66672402055,1,11,20,16,23,4,233702779
2023-06-02,2,2023,6,22,6,0,235,37637,7785.677392,293029540,4535048,76055257842,1,2,21,17,27,1,230408747
2023-06-03,2,2023,6,22,7,0,238,46704,8407.934866,392684190,4131213,72830430517,1,0,21,15,27,0,266878053
2023-06-04,2,2023,6,23,1,0,236,44828,8168.140002,366161380,4156543,72648915178,2,0,21,15,28,0,42059423
2023-06-05,2,2023,6,23,2,0,238,45647,7513.611409,342973820,4518224,67720601003,1,1,21,16,26,0,257999978
2023-06-06,2,2023,6,23,3,1,236,35796,7812.903956,279670710,4501933,64068244870,0,0,21,16,26,0,336687182
2023-06-07,2,2023,6,23,4,0,238,36689,7200.059963,264163000,4145311,63177872252,2,1,21,16,26,0,260963360
2023-06-08,2,2023,6,23,5,0,238,35891,7278.09813,261218220,4444135,60580717416,2,0,22,18,27,1,240620816
2023-06-09,2,2023,6,23,6,0,238,37896,7720.487387,292575590,4039662,66930392588,2,0,22,17,28,3,234401473
2023-06-10,2,2023,6,23,7,0,237,39650,8619.266078,341753900,3791212,63928516391,1,1,22,17,29,4,232076337
2023-06-11,2,2023,6,24,1,0,237,34455,8174.607459,281656100,3991922,63627789159,1,0,22,18,27,4,37958437
2023-06-12,2,2023,6,24,2,0,238,36805,7294.958294,268490940,4206204,58574234600,3,0,22,18,27,1,213327573
2023-06-13,2,2023,6,24,3,0,239,37649,7119.114718,268027550,4245450,61861918662,3,1,22,18,27,1,297049391
2023-06-14,2,2023,6,24,4,0,236,36051,7227.87551,260572140,4160678,63208902562,1,1,20,16,27,5,225549599
2023-06-15,2,2023,6,24,5,0,237,37469,7186.621207,269275510,4172407,60918366581,2,1,21,16,26,1,227073441
2023-06-16,2,2023,6,24,6,0,238,40912,7702.309836,315116900,4393064,65819842086,8,1,23,16,30,0,219335733
2023-06-17,2,2023,6,24,7,0,238,47803,8333.973391,398388930,4388073,62860262448,4,0,24,18,31,0,230949630
2023-06-18,2,2023,6,25,1,0,235,39485,7934.885146,313308940,4029646,62679687928,4,0,25,19,31,0,39991107
2023-06-19,2,2023,6,25,2,0,237,38024,7121.994793,270806730,4682518,58150650326,3,1,25,19,31,0,244915680
2023-06-20,2,2023,6,25,3,0,238,36534,7232.478239,264231360,4242579,60047190143,33,1,22,19,27,5,325441620
2023-06-21,2,2023,6,25,4,0,237,32595,7466.893695,243383400,4288812,66143915273,0,2,21,19,23,16,229019019
2023-06-22,2,2023,6,25,5,0,239,34714,7430.021317,257925760,4281833,63692230210,1,0,22,19,27,1,232807801
2023-06-23,2,2023,6,25,6,0,238,39428,7929.165568,312631140,4780443,67998411439,0,1,23,18,29,0,209988833
2023-06-24,2,2023,6,25,7,0,238,47274,8419.903118,398042500,3741266,65939722843,0,0,24,19,30,0,244218503
2023-06-25,2,2023,6,26,1,0,227,39298,7405.571276,291024140,3996107,65774463726,1,0,24,19,29,8,39479049